student_id,age,gender,parent_education,lunch,internet_access,extracurricular,siblings,test_prep_course,study_time_hrs,attendance_pct,math_score,reading_score,writing_score,total_score,average_score,grade,pass_fail
608,14,F,bachelor's degree,free/reduced,yes,yes,0,completed,1.0,95.0,73.0,76.0,68.0,217,72.3,A,pass
108,15,,,free/reduced,,no,4,completed,,,,,,197,65.7,B,Pass
23,14,FEMALE,master's degree,standard,yes,yes,0,completed,2.0,84.0,86.0,69.0,85.0,240,80.0,A,Pass
436,16,Female,some college,free/reduced,yes,yes,2,completed,3.0,74.0,68.0,69.0,86.0,223,74.3,A,pass
550,18,Male,high school,standard,no,no,4,completed,2.0,95.0,75.0,67.0,76.0,218,72.7,A,Pass
51,17,MALE,associate's degree,free/reduced,yes,yes,2,completed,4.0,89.0,75.0,85.0,87.0,247,82.3,A+,pass
794,17,Female,bachelor's degree,standard,yes,no,3,none,5.0,96.0,80.0,89.0,100.0,269,89.7,A+,Pass
463,14,F,some college,free/reduced,no,no,3,completed,1.0,69.0,43.0,59.0,68.0,170,56.7,C,PASS
478,15,Female,high school,standard,yes,yes,0,completed,3.0,81.0,82.0,75.0,63.0,220,73.3,A,PASS
542,18,female,bachelor's degree,standard,yes,yes,2,none,2.0,92.0,84.0,77.0,81.0,242,80.7,A+,PASS
549,14,Female,master's degree,standard,yes,yes,0,completed,4.0,66.0,81.0,92.0,89.0,262,87.3,A+,PASS
178,18,M,some college,standard,yes,yes,1,completed,2.0,66.0,43.0,58.0,79.0,180,60.0,C,PASS
268,14,FEMALE,master's degree,standard,yes,no,1,completed,2.0,98.0,72.0,91.0,92.0,255,85.0,A+,Pass
714,16,Female,bachelor's degree,free/reduced,no,no,2,none,2.0,97.0,71.0,80.0,57.0,208,69.3,B,PASS
932,16,Female,associate's degree,free/reduced,yes,yes,4,none,3.0,72.0,57.0,62.0,65.0,184,61.3,B,pass
492,18,MALE,bachelor's degree,standard,yes,no,4,none,2.0,61.0,58.0,59.0,70.0,187,62.3,B,PASS
153,15,M,associate's degree,standard,no,no,0,completed,4.0,65.0,86.0,76.0,82.0,244,81.3,A+,PASS
4,14,MALE,bachelor's degree,standard,yes,no,1,none,1.0,84.0,63.0,65.0,79.0,207,69.0,B,pass
736,14,M,some college,standard,yes,no,1,completed,2.0,99.0,68.0,73.0,80.0,221,73.7,A,PASS
823,17,F,master's degree,standard,yes,no,4,none,3.0,95.0,75.0,94.0,91.0,260,86.7,A+,PASS
787,14,MALE,high school,free/reduced,yes,no,1,completed,4.0,99.0,81.0,74.0,77.0,232,77.3,A,Pass
972,17,Male,bachelor's degree,free/reduced,yes,no,0,none,5.0,64.0,81.0,71.0,76.0,228,76.0,A,pass
469,14,MALE,,standard,yes,no,0,none,,,,,,230,76.7,A,Pass
930,18,M,bachelor's degree,free/reduced,yes,no,1,none,4.0,85.0,79.0,86.0,75.0,240,80.0,A,PASS
670,15,m,some college,standard,yes,yes,0,completed,1.0,63.0,61.0,63.0,66.0,190,63.3,B,pass
820,14,M,high school,standard,yes,yes,3,none,3.0,91.0,54.0,58.0,69.0,181,60.3,B,PASS
571,16,female,some college,free/reduced,yes,no,2,none,2.0,66.0,36.0,61.0,63.0,160,53.3,C,Pass
276,14,F,high school,standard,yes,no,3,completed,5.0,68.0,88.0,84.0,74.0,246,82.0,A+,pass
457,18,f,associate's degree,standard,no,yes,2,none,5.0,93.0,93.0,88.0,87.0,268,89.3,A+,Pass
925,17,m,master's degree,standard,no,yes,3,none,2.0,90.0,69.0,76.0,76.0,221,73.7,A,PASS
521,14,FEMALE,bachelor's degree,free/reduced,no,no,3,completed,2.0,68.0,75.0,64.0,76.0,215,71.7,A,PASS
306,16,male,bachelor's degree,free/reduced,yes,no,1,none,5.0,83.0,75.0,84.0,73.0,232,77.3,A,PASS
110,16,,,standard,,yes,1,completed,,,,,,284,94.7,O,Pass
649,18,f,bachelor's degree,standard,no,yes,2,none,4.0,83.0,81.0,89.0,83.0,253,84.3,A+,Pass
371,16,female,some college,free/reduced,yes,no,0,none,2.0,65.0,53.0,49.0,53.0,155,51.7,C,PASS
320,17,female,some college,standard,yes,no,4,completed,3.0,66.0,71.0,68.0,70.0,209,69.7,B,Pass
408,16,female,some college,standard,no,no,3,completed,2.0,65.0,75.0,68.0,62.0,205,68.3,B,Pass
501,16,MALE,high school,standard,yes,yes,4,none,3.0,70.0,58.0,60.0,53.0,171,57.0,C,PASS
367,18,FEMALE,high school,standard,yes,yes,4,none,2.0,94.0,78.0,70.0,57.0,205,68.3,B,pass
333,15,f,high school,standard,yes,yes,2,completed,4.0,71.0,73.0,73.0,76.0,222,74.0,A,Pass
596,17,female,high school,free/reduced,yes,yes,4,none,3.0,82.0,66.0,59.0,66.0,191,63.7,B,Pass
295,16,F,high school,standard,yes,yes,3,completed,1.0,63.0,58.0,65.0,62.0,185,61.7,B,PASS
270,15,Male,bachelor's degree,standard,yes,yes,4,none,1.0,64.0,55.0,55.0,75.0,185,61.7,B,Pass
419,14,FEMALE,bachelor's degree,standard,no,yes,4,completed,3.0,86.0,74.0,78.0,81.0,233,77.7,A,PASS
296,15,F,master's degree,standard,yes,no,2,none,3.0,77.0,66.0,86.0,90.0,242,80.7,A+,Pass
577,17,m,some college,standard,no,yes,4,none,2.0,85.0,56.0,72.0,67.0,195,65.0,B,Pass
770,16,MALE,some college,standard,yes,yes,3,none,5.0,78.0,68.0,84.0,64.0,216,72.0,A,Pass
137,15,,,standard,,yes,4,none,,,,,,237,79.0,A,pass
792,16,F,high school,standard,yes,no,1,none,1.0,77.0,48.0,49.0,50.0,147,49.0,D,Fail
652,18,Female,bachelor's degree,standard,yes,no,2,completed,1.0,73.0,78.0,78.0,85.0,241,80.3,A+,PASS
357,15,F,high school,free/reduced,yes,no,2,completed,2.0,76.0,54.0,54.0,47.0,155,51.7,C,Pass
246,14,female,master's degree,standard,yes,yes,2,none,2.0,76.0,84.0,71.0,75.0,230,76.7,A,Pass
935,16,F,high school,free/reduced,yes,no,0,none,1.0,63.0,49.0,42.0,57.0,148,49.3,D,fail
852,16,female,associate's degree,free/reduced,no,yes,3,completed,3.0,71.0,73.0,68.0,80.0,221,73.7,A,PASS
628,18,female,some college,standard,yes,no,1,completed,5.0,66.0,71.0,89.0,81.0,241,80.3,A+,PASS
231,17,Female,high school,standard,no,no,0,none,1.0,93.0,62.0,68.0,73.0,203,67.7,B,PASS
513,16,Male,master's degree,free/reduced,yes,yes,3,completed,3.0,76.0,77.0,71.0,87.0,235,78.3,A,pass
815,18,Female,associate's degree,free/reduced,no,no,4,completed,5.0,72.0,71.0,91.0,84.0,246,82.0,A+,PASS
284,15,male,some college,standard,yes,yes,2,none,4.0,93.0,69.0,85.0,82.0,236,78.7,A,PASS
75,17,m,bachelor's degree,standard,no,no,2,completed,5.0,63.0,95.0,84.0,84.0,263,87.7,A+,pass
748,15,male,high school,free/reduced,yes,no,2,completed,1.0,93.0,69.0,66.0,67.0,202,67.3,B,pass
384,16,Male,high school,free/reduced,yes,no,2,completed,2.0,69.0,50.0,67.0,57.0,174,58.0,C,Pass
114,18,Female,high school,standard,yes,yes,0,none,4.0,65.0,66.0,72.0,68.0,206,68.7,B,PASS
344,16,F,master's degree,standard,yes,yes,4,none,2.0,81.0,66.0,73.0,86.0,225,75.0,A,pass
144,18,female,some college,standard,yes,yes,1,none,3.0,78.0,72.0,61.0,84.0,217,72.3,A,pass
214,14,M,some college,standard,yes,no,4,completed,3.0,74.0,51.0,72.0,67.0,190,63.3,B,pass
889,17,Female,master's degree,free/reduced,yes,no,4,completed,1.0,96.0,83.0,85.0,92.0,260,86.7,A+,pass
47,17,FEMALE,high school,free/reduced,yes,yes,2,completed,1.0,91.0,64.0,63.0,66.0,193,64.3,B,Pass
926,16,M,master's degree,free/reduced,yes,no,1,none,2.0,90.0,74.0,73.0,67.0,214,71.3,A,pass
877,18,Female,some college,standard,yes,yes,3,none,2.0,71.0,61.0,62.0,62.0,185,61.7,B,pass
703,15,m,high school,standard,yes,yes,4,completed,1.0,82.0,56.0,57.0,55.0,168,56.0,C,Pass
750,17,F,associate's degree,standard,yes,no,3,none,5.0,94.0,94.0,100.0,91.0,285,95.0,O,Pass
300,14,f,master's degree,standard,yes,yes,1,completed,3.0,87.0,92.0,100.0,100.0,292,97.3,O,Pass
881,16,M,high school,free/reduced,no,yes,2,completed,1.0,75.0,42.0,59.0,48.0,149,49.7,D,fail
775,18,Female,associate's degree,free/reduced,yes,yes,0,none,3.0,83.0,62.0,60.0,71.0,193,64.3,B,PASS
891,15,m,some college,standard,yes,no,3,completed,1.0,68.0,59.0,65.0,65.0,189,63.0,B,Pass
130,17,F,some college,standard,no,yes,2,completed,3.0,73.0,58.0,73.0,64.0,195,65.0,B,Pass
209,16,FEMALE,some college,standard,yes,yes,0,completed,2.0,83.0,67.0,77.0,64.0,208,69.3,B,PASS
970,14,male,bachelor's degree,standard,no,no,1,completed,,93.0,,,,261,87.0,A+,PASS
567,17,FEMALE,some college,standard,yes,no,0,completed,1.0,73.0,63.0,87.0,77.0,227,75.7,A,pass
87,16,F,high school,free/reduced,yes,no,1,completed,3.0,72.0,65.0,70.0,67.0,202,67.3,B,Pass
139,18,MALE,some college,free/reduced,yes,yes,3,none,2.0,99.0,69.0,61.0,75.0,205,68.3,B,PASS
125,15,Male,associate's degree,standard,no,no,3,completed,2.0,83.0,59.0,79.0,59.0,197,65.7,B,Pass
460,18,M,bachelor's degree,free/reduced,yes,no,4,none,1.0,80.0,56.0,59.0,61.0,176,58.7,C,PASS
806,14,FEMALE,master's degree,standard,yes,yes,4,completed,1.0,99.0,76.0,78.0,81.0,235,78.3,A,pass
645,14,Female,some college,standard,yes,yes,4,completed,5.0,80.0,80.0,97.0,94.0,271,90.3,O,pass
829,15,Male,bachelor's degree,standard,yes,yes,3,completed,1.0,85.0,78.0,84.0,69.0,231,77.0,A,PASS
127,17,Female,associate's degree,standard,yes,no,0,completed,1.0,74.0,80.0,64.0,61.0,205,68.3,B,PASS
680,16,female,associate's degree,standard,yes,yes,3,none,2.0,67.0,76.0,88.0,60.0,224,74.7,A,PASS
272,15,F,bachelor's degree,free/reduced,no,no,4,completed,5.0,79.0,100.0,95.0,97.0,292,97.3,O,PASS
733,14,m,some college,free/reduced,yes,no,3,completed,2.0,70.0,56.0,71.0,48.0,175,58.3,C,Pass
672,18,Female,master's degree,standard,yes,no,3,completed,5.0,64.0,89.0,98.0,98.0,285,95.0,O,Pass
132,17,male,master's degree,standard,yes,yes,0,none,1.0,97.0,75.0,71.0,75.0,221,73.7,A,pass
318,15,m,some college,free/reduced,no,yes,0,completed,4.0,63.0,75.0,71.0,67.0,213,71.0,A,PASS
904,15,M,bachelor's degree,standard,yes,no,2,completed,2.0,60.0,78.0,67.0,72.0,217,72.3,A,PASS
508,17,male,bachelor's degree,free/reduced,yes,yes,4,completed,2.0,76.0,57.0,70.0,77.0,204,68.0,B,pass
722,15,Male,high school,standard,no,yes,1,completed,3.0,83.0,71.0,63.0,67.0,201,67.0,B,Pass
470,16,f,associate's degree,standard,no,no,1,none,2.0,76.0,58.0,69.0,73.0,200,66.7,B,PASS
712,17,FEMALE,associate's degree,free/reduced,yes,no,2,none,3.0,65.0,78.0,69.0,70.0,217,72.3,A,PASS
64,17,male,high school,standard,yes,no,4,completed,2.0,75.0,75.0,63.0,58.0,196,65.3,B,Pass
101,16,male,high school,standard,yes,no,3,none,1.0,73.0,34.0,58.0,57.0,149,49.7,D,fail
442,16,F,associate's degree,standard,no,no,1,none,5.0,82.0,87.0,83.0,94.0,264,88.0,A+,pass
309,14,FEMALE,associate's degree,standard,no,yes,3,none,1.0,72.0,63.0,71.0,62.0,196,65.3,B,PASS
49,16,Female,associate's degree,standard,yes,no,0,completed,2.0,90.0,76.0,88.0,72.0,236,78.7,A,PASS
557,17,FEMALE,bachelor's degree,standard,no,yes,3,none,4.0,75.0,79.0,77.0,73.0,229,76.3,A,Pass
517,16,female,high school,standard,no,no,4,none,5.0,90.0,92.0,93.0,83.0,268,89.3,A+,Pass
752,18,male,associate's degree,free/reduced,yes,yes,1,completed,1.0,83.0,53.0,53.0,54.0,160,53.3,C,pass
172,15,Male,master's degree,free/reduced,no,no,4,completed,1.0,98.0,88.0,72.0,80.0,240,80.0,A,PASS
727,17,M,some college,standard,yes,no,3,completed,2.0,71.0,60.0,68.0,67.0,195,65.0,B,PASS
710,15,FEMALE,master's degree,free/reduced,no,no,1,none,1.0,81.0,61.0,56.0,59.0,176,58.7,C,PASS
58,16,M,high school,standard,yes,yes,3,completed,3.0,99.0,74.0,70.0,79.0,223,74.3,A,PASS
527,16,M,bachelor's degree,free/reduced,yes,yes,0,none,2.0,96.0,73.0,82.0,65.0,220,73.3,A,PASS
412,14,F,some college,free/reduced,no,no,4,completed,2.0,92.0,70.0,66.0,74.0,210,70.0,B,pass
515,14,f,bachelor's degree,standard,yes,yes,4,none,3.0,73.0,70.0,58.0,91.0,219,73.0,A,pass
859,14,FEMALE,some college,standard,no,yes,3,none,3.0,72.0,71.0,84.0,62.0,217,72.3,A,pass
980,16,f,some college,free/reduced,yes,no,3,completed,3.0,97.0,72.0,78.0,85.0,235,78.3,A,PASS
168,15,m,high school,free/reduced,no,yes,0,none,1.0,97.0,49.0,66.0,59.0,174,58.0,C,PASS
620,15,male,high school,free/reduced,yes,no,0,completed,4.0,99.0,88.0,78.0,74.0,240,80.0,A,PASS
327,14,Male,some college,standard,yes,no,4,none,3.0,63.0,81.0,52.0,65.0,198,66.0,B,Pass
771,15,Male,bachelor's degree,standard,yes,yes,4,completed,3.0,82.0,97.0,89.0,90.0,276,92.0,O,Pass
903,18,f,high school,standard,no,yes,4,none,2.0,93.0,56.0,69.0,62.0,187,62.3,B,PASS
849,15,Male,master's degree,standard,no,no,2,completed,4.0,92.0,100.0,100.0,89.0,289,96.3,O,Pass
735,16,f,bachelor's degree,free/reduced,yes,no,1,completed,1.0,93.0,62.0,75.0,77.0,214,71.3,A,PASS
301,15,MALE,bachelor's degree,free/reduced,yes,yes,2,none,2.0,95.0,75.0,77.0,67.0,219,73.0,A,pass
619,15,M,some college,standard,no,yes,3,completed,1.0,89.0,52.0,62.0,60.0,174,58.0,C,pass
997,15,MALE,associate's degree,standard,yes,no,4,none,3.0,78.0,64.0,69.0,66.0,199,66.3,B,PASS
215,14,M,some college,standard,no,no,2,completed,5.0,65.0,75.0,75.0,86.0,236,78.7,A,Pass
952,17,Female,associate's degree,free/reduced,no,yes,1,none,3.0,87.0,77.0,66.0,70.0,213,71.0,A,PASS
452,14,FEMALE,bachelor's degree,standard,yes,no,0,none,4.0,65.0,78.0,82.0,66.0,226,75.3,A,Pass
713,16,M,high school,standard,yes,yes,1,completed,3.0,76.0,57.0,76.0,68.0,201,67.0,B,PASS
385,15,m,bachelor's degree,standard,yes,no,2,completed,5.0,76.0,100.0,79.0,98.0,277,92.3,O,pass
85,14,m,associate's degree,free/reduced,yes,yes,4,none,2.0,72.0,66.0,58.0,65.0,189,63.0,B,Pass
192,14,male,some college,standard,yes,yes,2,none,3.0,97.0,72.0,83.0,74.0,229,76.3,A,PASS
456,15,m,some college,free/reduced,yes,yes,3,none,4.0,85.0,68.0,73.0,76.0,217,72.3,A,PASS
155,17,Male,some college,standard,yes,yes,4,none,1.0,77.0,59.0,58.0,53.0,170,56.7,C,pass
612,16,female,some college,standard,yes,yes,4,completed,3.0,93.0,66.0,75.0,89.0,230,76.7,A,Pass
773,16,male,bachelor's degree,standard,yes,yes,2,none,1.0,60.0,49.0,58.0,52.0,159,53.0,C,pass
523,18,F,master's degree,free/reduced,yes,yes,3,none,3.0,74.0,62.0,70.0,67.0,199,66.3,B,PASS
850,18,female,high school,standard,yes,no,4,completed,3.0,87.0,78.0,74.0,70.0,222,74.0,A,PASS
545,16,Male,master's degree,free/reduced,yes,yes,1,none,2.0,85.0,69.0,57.0,81.0,207,69.0,B,pass
495,16,M,some college,free/reduced,no,yes,1,completed,3.0,68.0,71.0,60.0,73.0,204,68.0,B,PASS
378,16,MALE,bachelor's degree,standard,yes,yes,0,completed,4.0,99.0,79.0,90.0,100.0,269,89.7,A+,pass
717,15,Male,high school,free/reduced,yes,no,3,completed,1.0,67.0,52.0,54.0,50.0,156,52.0,C,pass
610,18,F,high school,free/reduced,no,no,2,none,3.0,75.0,57.0,63.0,65.0,185,61.7,B,Pass
941,16,female,master's degree,standard,yes,no,2,completed,4.0,81.0,100.0,96.0,90.0,286,95.3,O,Pass
674,16,Female,some college,free/reduced,yes,no,4,completed,3.0,61.0,71.0,74.0,81.0,226,75.3,A,PASS
65,18,male,some college,free/reduced,yes,no,3,completed,3.0,74.0,69.0,58.0,66.0,193,64.3,B,pass
133,16,M,associate's degree,free/reduced,no,no,0,completed,3.0,95.0,75.0,81.0,78.0,234,78.0,A,Pass
981,14,female,bachelor's degree,standard,yes,no,4,completed,1.0,86.0,72.0,71.0,72.0,215,71.7,A,PASS
482,18,Female,bachelor's degree,free/reduced,yes,yes,2,completed,4.0,69.0,56.0,72.0,77.0,205,68.3,B,pass
679,18,female,bachelor's degree,free/reduced,yes,no,2,none,2.0,65.0,50.0,68.0,57.0,175,58.3,C,Pass
82,14,Female,master's degree,standard,yes,yes,1,none,4.0,70.0,95.0,99.0,72.0,266,88.7,A+,PASS
260,14,m,bachelor's degree,standard,yes,no,0,completed,4.0,61.0,74.0,76.0,78.0,228,76.0,A,Pass
226,18,FEMALE,bachelor's degree,standard,no,yes,1,completed,5.0,91.0,96.0,97.0,100.0,293,97.7,O,pass
116,18,f,master's degree,free/reduced,no,yes,2,completed,1.0,94.0,73.0,76.0,81.0,230,76.7,A,Pass
173,16,Male,high school,free/reduced,no,yes,4,none,4.0,89.0,69.0,76.0,79.0,224,74.7,A,Pass
533,14,m,some college,standard,no,no,2,none,1.0,85.0,72.0,51.0,54.0,177,59.0,C,PASS
616,16,MALE,associate's degree,standard,no,no,4,none,2.0,81.0,69.0,73.0,75.0,217,72.3,A,pass
967,16,Male,master's degree,standard,yes,yes,1,none,1.0,78.0,79.0,73.0,81.0,233,77.7,A,Pass
870,16,F,some college,free/reduced,no,no,3,none,1.0,74.0,56.0,47.0,61.0,164,54.7,C,PASS
369,14,m,bachelor's degree,standard,yes,no,1,completed,3.0,80.0,92.0,91.0,77.0,260,86.7,A+,Pass
615,18,FEMALE,associate's degree,free/reduced,yes,no,4,completed,3.0,95.0,69.0,77.0,81.0,227,75.7,A,Pass
559,14,F,associate's degree,free/reduced,yes,yes,4,completed,5.0,88.0,97.0,92.0,93.0,282,94.0,O,pass
293,14,MALE,associate's degree,standard,no,yes,3,none,3.0,83.0,62.0,71.0,79.0,212,70.7,A,Pass
391,16,MALE,bachelor's degree,standard,yes,no,2,completed,4.0,63.0,96.0,88.0,71.0,255,85.0,A+,Pass
686,14,female,master's degree,free/reduced,yes,no,0,none,,70.0,,,,234,78.0,A,Pass
707,18,female,bachelor's degree,standard,yes,no,2,none,3.0,85.0,88.0,81.0,75.0,244,81.3,A+,pass
370,14,Male,master's degree,free/reduced,no,yes,3,completed,1.0,88.0,66.0,77.0,73.0,216,72.0,A,PASS
694,16,female,associate's degree,standard,yes,no,3,completed,4.0,71.0,75.0,92.0,85.0,252,84.0,A+,PASS
7,17,Male,master's degree,standard,yes,no,3,none,5.0,97.0,80.0,93.0,100.0,273,91.0,O,pass
601,14,male,high school,free/reduced,yes,yes,2,completed,3.0,61.0,70.0,80.0,62.0,212,70.7,A,pass
594,15,FEMALE,associate's degree,standard,no,yes,2,none,5.0,61.0,79.0,89.0,80.0,248,82.7,A+,Pass
678,15,Female,high school,standard,yes,no,1,none,4.0,93.0,89.0,80.0,71.0,240,80.0,A,pass
263,17,Male,some college,standard,yes,no,2,none,3.0,98.0,77.0,77.0,71.0,225,75.0,A,pass
41,18,Male,master's degree,free/reduced,yes,yes,1,none,2.0,77.0,61.0,73.0,87.0,221,73.7,A,Pass
220,18,M,bachelor's degree,standard,yes,no,2,completed,2.0,74.0,83.0,82.0,68.0,233,77.7,A,Pass
590,15,m,some college,standard,no,no,4,completed,1.0,80.0,73.0,73.0,67.0,213,71.0,A,PASS
959,14,Female,some college,standard,yes,yes,3,none,2.0,72.0,80.0,67.0,61.0,208,69.3,B,pass
18,14,Female,bachelor's degree,free/reduced,yes,no,2,none,2.0,77.0,70.0,58.0,65.0,193,64.3,B,Pass
951,16,MALE,associate's degree,standard,yes,yes,2,none,2.0,82.0,56.0,66.0,69.0,191,63.7,B,Pass
358,17,female,associate's degree,standard,yes,no,0,completed,3.0,97.0,82.0,89.0,73.0,244,81.3,A+,PASS
667,18,Female,bachelor's degree,standard,yes,no,0,none,2.0,93.0,80.0,67.0,70.0,217,72.3,A,PASS
697,14,MALE,master's degree,standard,yes,yes,4,none,1.0,81.0,69.0,61.0,78.0,208,69.3,B,Pass
626,18,FEMALE,associate's degree,free/reduced,yes,no,2,none,3.0,86.0,54.0,68.0,57.0,179,59.7,C,PASS
657,16,Male,high school,standard,no,no,0,none,3.0,69.0,62.0,54.0,63.0,179,59.7,C,PASS
120,16,,,free/reduced,,yes,3,completed,,,,,,186,62.0,B,PASS
929,17,f,associate's degree,standard,yes,no,0,none,1.0,83.0,76.0,73.0,64.0,213,71.0,A,PASS
687,17,F,bachelor's degree,free/reduced,yes,no,3,completed,1.0,95.0,82.0,83.0,70.0,235,78.3,A,PASS
466,18,Male,some college,standard,yes,yes,4,none,4.0,91.0,85.0,74.0,78.0,237,79.0,A,pass
398,15,FEMALE,master's degree,standard,yes,yes,0,completed,4.0,61.0,79.0,92.0,86.0,257,85.7,A+,pass
19,16,F,master's degree,standard,yes,yes,3,none,1.0,83.0,64.0,83.0,73.0,220,73.3,A,pass
33,18,F,master's degree,free/reduced,yes,no,1,completed,2.0,75.0,72.0,93.0,75.0,240,80.0,A,PASS
54,16,FEMALE,associate's degree,free/reduced,no,yes,4,none,3.0,68.0,58.0,80.0,64.0,202,67.3,B,PASS
225,14,FEMALE,associate's degree,free/reduced,yes,no,1,completed,2.0,99.0,66.0,69.0,67.0,202,67.3,B,pass
669,17,Male,high school,free/reduced,yes,no,0,none,2.0,81.0,47.0,49.0,54.0,150,50.0,D,pass
746,15,female,associate's degree,standard,yes,no,2,completed,5.0,92.0,98.0,93.0,100.0,291,97.0,O,PASS
988,14,Female,bachelor's degree,free/reduced,no,yes,3,completed,2.0,80.0,73.0,65.0,66.0,204,68.0,B,pass
374,14,f,some college,free/reduced,no,yes,2,completed,4.0,60.0,63.0,72.0,53.0,188,62.7,B,PASS
465,17,female,some college,standard,no,yes,1,none,1.0,75.0,65.0,66.0,71.0,202,67.3,B,pass
937,14,Female,some college,standard,yes,no,3,completed,2.0,89.0,76.0,72.0,82.0,230,76.7,A,Pass
79,16,m,associate's degree,standard,yes,yes,4,completed,4.0,62.0,84.0,62.0,76.0,222,74.0,A,pass
406,18,f,master's degree,standard,yes,yes,0,completed,3.0,79.0,88.0,88.0,97.0,273,91.0,O,Pass
716,15,f,some college,standard,yes,no,4,completed,4.0,69.0,73.0,81.0,90.0,244,81.3,A+,Pass
43,18,female,some college,standard,yes,no,2,none,1.0,84.0,57.0,67.0,65.0,189,63.0,B,Pass
16,18,MALE,high school,standard,yes,no,2,none,5.0,83.0,76.0,76.0,87.0,239,79.7,A,Pass
553,14,male,master's degree,standard,yes,yes,3,completed,4.0,60.0,85.0,85.0,87.0,257,85.7,A+,Pass
28,17,f,some college,standard,yes,no,3,none,4.0,88.0,81.0,82.0,94.0,257,85.7,A+,pass
548,16,F,high school,free/reduced,yes,no,4,completed,3.0,95.0,82.0,77.0,73.0,232,77.3,A,Pass
703,15,male,high school,standard,yes,yes,4,completed,1.0,82.0,56.0,57.0,55.0,168,56.0,C,PASS
503,14,MALE,master's degree,free/reduced,yes,yes,0,completed,4.0,80.0,92.0,94.0,84.0,270,90.0,A+,PASS
26,14,f,associate's degree,standard,yes,yes,1,completed,1.0,75.0,63.0,61.0,68.0,192,64.0,B,Pass
858,18,M,some college,standard,yes,no,0,completed,3.0,93.0,63.0,63.0,77.0,203,67.7,B,PASS
940,18,Female,bachelor's degree,standard,no,yes,3,none,2.0,62.0,62.0,71.0,73.0,206,68.7,B,pass
31,16,male,bachelor's degree,standard,yes,yes,3,none,2.0,78.0,84.0,70.0,66.0,220,73.3,A,Pass
428,15,F,associate's degree,standard,no,no,2,none,3.0,75.0,68.0,68.0,84.0,220,73.3,A,pass
721,16,FEMALE,master's degree,free/reduced,no,no,0,none,,,,,,232,77.3,A,pass
237,16,f,some college,standard,yes,no,3,none,3.0,66.0,75.0,64.0,58.0,197,65.7,B,Pass
462,14,Male,associate's degree,standard,yes,yes,0,completed,2.0,92.0,61.0,84.0,77.0,222,74.0,A,Pass
468,18,Male,some college,standard,yes,no,0,none,1.0,86.0,56.0,55.0,65.0,176,58.7,C,PASS
876,18,M,master's degree,standard,no,yes,4,none,3.0,69.0,71.0,84.0,84.0,239,79.7,A,pass
135,14,male,high school,free/reduced,yes,yes,2,none,1.0,89.0,57.0,64.0,47.0,168,56.0,C,pass
106,18,F,associate's degree,standard,yes,yes,2,none,1.0,90.0,75.0,69.0,64.0,208,69.3,B,Pass
8,15,male,bachelor's degree,standard,no,no,2,completed,3.0,65.0,66.0,85.0,71.0,222,74.0,A,PASS
885,15,Female,bachelor's degree,standard,yes,no,4,completed,4.0,82.0,90.0,97.0,86.0,273,91.0,O,Pass
126,14,f,some college,free/reduced,no,yes,0,none,2.0,63.0,40.0,62.0,57.0,159,53.0,C,PASS
502,16,m,associate's degree,standard,yes,no,3,none,4.0,80.0,81.0,80.0,79.0,240,80.0,A,pass
907,14,F,bachelor's degree,standard,yes,yes,2,none,5.0,85.0,87.0,80.0,100.0,267,89.0,A+,PASS
267,14,f,bachelor's degree,free/reduced,yes,no,4,none,3.0,76.0,65.0,85.0,75.0,225,75.0,A,Pass
933,17,M,associate's degree,free/reduced,yes,yes,2,none,3.0,74.0,61.0,68.0,74.0,203,67.7,B,pass
390,18,Male,some college,free/reduced,yes,yes,4,none,2.0,93.0,62.0,64.0,65.0,191,63.7,B,Pass
715,18,f,bachelor's degree,free/reduced,yes,yes,4,completed,3.0,83.0,77.0,89.0,81.0,247,82.3,A+,PASS
986,16,f,some college,free/reduced,yes,yes,1,none,4.0,98.0,77.0,78.0,77.0,232,77.3,A,pass
814,18,FEMALE,bachelor's degree,free/reduced,no,no,1,completed,4.0,69.0,74.0,78.0,69.0,221,73.7,A,Pass
586,17,Male,associate's degree,standard,yes,no,2,none,1.0,73.0,43.0,59.0,57.0,159,53.0,C,Pass
568,17,f,high school,standard,no,no,4,none,5.0,85.0,84.0,85.0,79.0,248,82.7,A+,Pass
781,17,Male,associate's degree,standard,yes,yes,1,none,1.0,89.0,43.0,63.0,56.0,162,54.0,C,PASS
200,18,M,associate's degree,standard,yes,yes,0,none,2.0,94.0,80.0,82.0,71.0,233,77.7,A,Pass
964,18,m,bachelor's degree,standard,yes,no,0,none,1.0,95.0,58.0,64.0,71.0,193,64.3,B,PASS
561,15,FEMALE,master's degree,standard,no,yes,1,completed,2.0,87.0,78.0,87.0,80.0,245,81.7,A+,pass
254,18,male,some college,standard,no,no,0,completed,3.0,81.0,65.0,75.0,72.0,212,70.7,A,pass
288,14,Male,some college,standard,no,no,0,completed,3.0,77.0,73.0,77.0,80.0,230,76.7,A,PASS
982,14,Female,high school,free/reduced,yes,no,2,none,3.0,80.0,53.0,74.0,68.0,195,65.0,B,Pass
120,16,male,bachelor's degree,free/reduced,yes,yes,3,completed,1.0,64.0,58.0,58.0,70.0,186,62.0,B,PASS
784,16,f,high school,standard,yes,yes,1,none,1.0,88.0,65.0,57.0,64.0,186,62.0,B,Pass
793,18,MALE,associate's degree,standard,yes,yes,2,completed,3.0,72.0,77.0,79.0,77.0,233,77.7,A,Pass
81,15,M,associate's degree,standard,yes,yes,1,completed,3.0,89.0,78.0,81.0,81.0,240,80.0,A,PASS
573,14,Male,high school,standard,no,yes,4,completed,3.0,85.0,68.0,82.0,68.0,218,72.7,A,PASS
563,18,Male,bachelor's degree,free/reduced,yes,no,2,none,4.0,75.0,80.0,62.0,77.0,219,73.0,A,Pass
778,16,female,master's degree,standard,no,yes,2,none,2.0,77.0,88.0,89.0,68.0,245,81.7,A+,Pass
575,14,Male,master's degree,free/reduced,yes,no,1,none,3.0,62.0,69.0,66.0,66.0,201,67.0,B,PASS
289,16,MALE,associate's degree,standard,yes,yes,4,none,1.0,66.0,58.0,58.0,48.0,164,54.7,C,Pass
212,18,Male,associate's degree,standard,no,no,1,none,4.0,73.0,66.0,76.0,82.0,224,74.7,A,PASS
308,16,Female,master's degree,standard,yes,yes,1,completed,2.0,77.0,75.0,76.0,95.0,246,82.0,A+,Pass
675,15,female,associate's degree,standard,no,yes,4,completed,4.0,71.0,78.0,91.0,88.0,257,85.7,A+,pass
927,15,Male,high school,standard,no,no,3,none,2.0,99.0,58.0,67.0,83.0,208,69.3,B,PASS
422,14,Female,associate's degree,standard,yes,yes,3,none,2.0,74.0,60.0,64.0,63.0,187,62.3,B,PASS
519,15,Female,master's degree,standard,yes,no,2,completed,2.0,77.0,75.0,77.0,71.0,223,74.3,A,PASS
816,18,male,associate's degree,standard,yes,no,2,none,1.0,74.0,59.0,73.0,55.0,187,62.3,B,PASS
842,18,F,associate's degree,standard,yes,no,2,none,1.0,99.0,68.0,70.0,72.0,210,70.0,B,Pass
854,16,,,free/reduced,,yes,1,none,,,,,,269,89.7,A+,Pass
302,14,m,high school,free/reduced,no,no,1,none,5.0,65.0,61.0,61.0,77.0,199,66.3,B,pass
474,14,female,some college,standard,yes,yes,0,none,4.0,72.0,84.0,77.0,68.0,229,76.3,A,PASS
259,18,f,master's degree,standard,yes,yes,4,none,2.0,75.0,78.0,79.0,89.0,246,82.0,A+,PASS
853,18,Male,some college,standard,yes,yes,2,none,2.0,64.0,64.0,66.0,57.0,187,62.3,B,pass
102,14,FEMALE,some college,standard,no,yes,2,completed,3.0,85.0,82.0,86.0,81.0,249,83.0,A+,PASS
990,15,F,some college,standard,yes,yes,4,completed,3.0,80.0,66.0,73.0,86.0,225,75.0,A,PASS
467,18,F,bachelor's degree,standard,no,yes,3,none,2.0,74.0,75.0,76.0,69.0,220,73.3,A,pass
554,16,f,bachelor's degree,free/reduced,yes,no,4,completed,3.0,84.0,82.0,78.0,67.0,227,75.7,A,PASS
638,16,m,associate's degree,free/reduced,yes,yes,0,none,2.0,62.0,65.0,56.0,52.0,173,57.7,C,Pass
914,15,F,high school,standard,yes,no,3,completed,3.0,97.0,79.0,69.0,79.0,227,75.7,A,pass
453,14,Female,high school,standard,yes,no,3,none,5.0,98.0,77.0,76.0,83.0,236,78.7,A,PASS
273,14,Female,high school,free/reduced,yes,no,1,none,2.0,75.0,42.0,58.0,68.0,168,56.0,C,Pass
655,15,F,associate's degree,standard,yes,yes,2,completed,2.0,97.0,70.0,79.0,73.0,222,74.0,A,pass
846,18,M,some college,free/reduced,yes,yes,3,none,2.0,71.0,,49.0,55.0,171,57.0,C,PASS
175,14,f,some college,free/reduced,yes,yes,3,none,3.0,79.0,59.0,58.0,73.0,190,63.3,B,PASS
819,14,Female,high school,standard,no,yes,0,none,2.0,87.0,66.0,68.0,66.0,200,66.7,B,pass
919,15,,,standard,,no,0,completed,,,,,,214,71.3,A,pass
598,16,M,,standard,,no,3,completed,,,,,,178,59.3,C,PASS
901,17,MALE,high school,standard,yes,no,4,completed,1.0,71.0,60.0,60.0,53.0,173,57.7,C,PASS
756,18,f,some college,standard,yes,yes,2,completed,3.0,82.0,71.0,76.0,72.0,219,73.0,A,pass
968,17,FEMALE,some college,standard,yes,no,4,none,1.0,66.0,66.0,48.0,53.0,167,55.7,C,pass
351,17,female,high school,standard,yes,yes,3,none,2.0,88.0,62.0,64.0,76.0,202,67.3,B,Pass
705,16,MALE,associate's degree,free/reduced,yes,no,4,none,1.0,68.0,46.0,49.0,53.0,148,49.3,D,Fail
634,14,MALE,some college,standard,yes,no,1,none,3.0,82.0,61.0,65.0,79.0,205,68.3,B,PASS
349,16,FEMALE,associate's degree,free/reduced,yes,no,4,none,4.0,70.0,80.0,85.0,74.0,239,79.7,A,PASS
992,14,female,some college,standard,yes,yes,3,none,3.0,76.0,66.0,67.0,76.0,209,69.7,B,Pass
186,15,Male,associate's degree,free/reduced,yes,no,4,completed,3.0,99.0,89.0,80.0,84.0,253,84.3,A+,pass
438,16,f,master's degree,free/reduced,no,yes,3,none,1.0,82.0,65.0,66.0,62.0,193,64.3,B,Pass
803,15,Male,high school,standard,yes,yes,0,none,4.0,71.0,63.0,81.0,56.0,200,66.7,B,Pass
376,15,Female,high school,standard,yes,yes,4,none,2.0,80.0,63.0,58.0,66.0,187,62.3,B,pass
475,14,male,high school,standard,no,no,0,completed,2.0,74.0,63.0,68.0,72.0,203,67.7,B,Pass
570,15,M,some college,standard,yes,yes,0,none,4.0,73.0,77.0,55.0,61.0,193,64.3,B,pass
912,16,Male,high school,standard,yes,yes,0,completed,1.0,98.0,59.0,63.0,56.0,178,59.3,C,Pass
830,17,,,standard,,no,0,none,,,,,,243,81.0,A+,PASS
888,16,female,high school,standard,yes,yes,0,none,1.0,95.0,59.0,65.0,74.0,198,66.0,B,pass
417,18,Male,some college,free/reduced,yes,yes,4,none,4.0,66.0,65.0,60.0,59.0,184,61.3,B,pass
764,17,f,associate's degree,standard,yes,no,2,completed,2.0,84.0,75.0,86.0,81.0,242,80.7,A+,PASS
373,17,f,associate's degree,standard,yes,no,0,none,1.0,60.0,44.0,58.0,50.0,152,50.7,C,pass
760,16,MALE,associate's degree,standard,yes,yes,3,none,2.0,95.0,68.0,82.0,68.0,218,72.7,A,PASS
540,15,FEMALE,some college,standard,yes,yes,0,none,3.0,78.0,66.0,75.0,71.0,212,70.7,A,Pass
725,17,m,some college,standard,yes,no,3,completed,3.0,87.0,91.0,83.0,87.0,261,87.0,A+,pass
537,15,Female,some college,standard,yes,no,4,completed,,,,,,267,89.0,A+,PASS
693,14,M,some college,free/reduced,no,yes,1,none,3.0,88.0,75.0,65.0,62.0,202,67.3,B,pass
136,14,M,some college,standard,yes,no,4,none,3.0,78.0,67.0,53.0,78.0,198,66.0,B,Pass
879,18,male,some college,standard,yes,no,3,completed,1.0,90.0,71.0,53.0,64.0,188,62.7,B,Pass
677,15,Female,bachelor's degree,standard,no,no,1,none,3.0,69.0,73.0,82.0,72.0,227,75.7,A,Pass
583,14,F,some college,standard,no,yes,0,completed,3.0,85.0,83.0,85.0,83.0,251,83.7,A+,pass
248,14,male,associate's degree,standard,yes,yes,1,completed,2.0,73.0,72.0,77.0,73.0,222,74.0,A,pass
665,14,,,standard,,no,1,completed,,,,,,215,71.7,A,Pass
499,18,m,master's degree,standard,yes,yes,4,completed,3.0,89.0,86.0,89.0,78.0,253,84.3,A+,Pass
387,15,M,bachelor's degree,standard,yes,yes,2,none,5.0,66.0,86.0,87.0,86.0,259,86.3,A+,pass
637,16,M,bachelor's degree,standard,yes,yes,2,none,4.0,74.0,68.0,79.0,81.0,228,76.0,A,pass
996,15,Male,bachelor's degree,standard,yes,yes,2,completed,3.0,97.0,86.0,85.0,88.0,259,86.3,A+,pass
938,18,Male,bachelor's degree,standard,yes,no,3,none,4.0,89.0,85.0,88.0,93.0,266,88.7,A+,pass
690,15,Female,bachelor's degree,free/reduced,yes,no,0,none,4.0,79.0,77.0,80.0,78.0,235,78.3,A,Pass
772,14,male,bachelor's degree,standard,yes,yes,4,completed,5.0,75.0,96.0,88.0,90.0,274,91.3,O,pass
640,14,FEMALE,associate's degree,free/reduced,no,yes,0,completed,3.0,65.0,73.0,79.0,72.0,224,74.7,A,PASS
685,17,male,high school,free/reduced,yes,no,4,none,1.0,67.0,50.0,45.0,59.0,154,51.3,C,pass
147,16,M,associate's degree,standard,yes,no,3,none,3.0,66.0,66.0,62.0,68.0,196,65.3,B,Pass
375,18,MALE,high school,free/reduced,yes,no,0,none,1.0,86.0,60.0,54.0,61.0,175,58.3,C,pass
263,17,Male,some college,standard,yes,no,2,none,3.0,98.0,77.0,77.0,71.0,225,75.0,A,pass
477,18,m,associate's degree,standard,no,no,2,none,2.0,82.0,76.0,78.0,68.0,222,74.0,A,pass
965,17,MALE,master's degree,standard,yes,no,1,completed,3.0,95.0,95.0,87.0,79.0,261,87.0,A+,pass
141,14,FEMALE,high school,standard,no,yes,0,completed,2.0,77.0,70.0,73.0,69.0,212,70.7,A,PASS
924,14,M,high school,standard,no,no,3,completed,4.0,99.0,97.0,88.0,91.0,276,92.0,O,PASS
589,14,Female,master's degree,free/reduced,yes,no,3,none,4.0,85.0,73.0,71.0,83.0,227,75.7,A,pass
345,18,M,high school,free/reduced,no,yes,0,none,1.0,94.0,58.0,58.0,62.0,178,59.3,C,PASS
811,17,Male,high school,standard,yes,no,3,none,2.0,72.0,57.0,53.0,62.0,172,57.3,C,Pass
978,14,Female,bachelor's degree,free/reduced,yes,yes,0,none,2.0,69.0,60.0,59.0,73.0,192,64.0,B,pass
27,14,Female,some college,standard,yes,yes,1,completed,5.0,93.0,100.0,81.0,98.0,279,93.0,O,pass
156,15,f,high school,free/reduced,yes,yes,2,completed,2.0,82.0,77.0,64.0,63.0,204,68.0,B,pass
911,17,M,some college,free/reduced,yes,yes,4,completed,1.0,94.0,58.0,70.0,63.0,191,63.7,B,pass
143,16,female,some college,standard,yes,yes,4,none,3.0,75.0,61.0,77.0,72.0,210,70.0,B,Pass
676,14,MALE,associate's degree,free/reduced,no,yes,0,completed,5.0,76.0,91.0,82.0,81.0,254,84.7,A+,pass
700,18,m,high school,standard,yes,yes,1,completed,3.0,98.0,72.0,75.0,70.0,217,72.3,A,pass
379,14,female,high school,standard,yes,yes,1,none,3.0,85.0,78.0,79.0,65.0,222,74.0,A,pass
400,14,Male,high school,free/reduced,no,yes,2,completed,4.0,76.0,83.0,84.0,67.0,234,78.0,A,pass
908,17,male,bachelor's degree,standard,no,yes,4,none,1.0,76.0,50.0,63.0,72.0,185,61.7,B,pass
100,18,MALE,high school,free/reduced,no,no,2,completed,3.0,88.0,78.0,77.0,63.0,218,72.7,A,Pass
397,15,FEMALE,some college,standard,no,no,4,none,1.0,78.0,74.0,49.0,64.0,187,62.3,B,pass
845,18,M,bachelor's degree,free/reduced,no,no,0,none,3.0,84.0,70.0,72.0,70.0,212,70.7,A,PASS
167,15,female,some college,standard,no,no,0,completed,4.0,70.0,78.0,85.0,84.0,247,82.3,A+,Pass
604,16,f,master's degree,free/reduced,yes,no,4,completed,1.0,62.0,91.0,57.0,70.0,218,72.7,A,pass
24,14,F,bachelor's degree,standard,yes,no,3,completed,1.0,93.0,82.0,70.0,86.0,238,79.3,A,PASS
805,18,Female,bachelor's degree,free/reduced,yes,yes,4,completed,4.0,82.0,62.0,82.0,94.0,238,79.3,A,pass
205,16,f,high school,standard,no,no,4,none,5.0,73.0,69.0,71.0,82.0,222,74.0,A,pass
34,15,f,associate's degree,standard,no,no,2,completed,2.0,68.0,77.0,74.0,78.0,229,76.3,A,Pass
198,18,F,associate's degree,standard,no,no,3,completed,3.0,96.0,69.0,98.0,77.0,244,81.3,A+,Pass
790,15,MALE,high school,standard,no,no,1,completed,4.0,70.0,66.0,85.0,72.0,223,74.3,A,pass
953,14,Male,bachelor's degree,standard,yes,yes,4,none,4.0,75.0,77.0,81.0,86.0,244,81.3,A+,Pass
650,17,male,,free/reduced,,yes,3,none,,,,,,238,79.3,A,Pass
971,17,FEMALE,associate's degree,standard,yes,yes,1,completed,5.0,61.0,71.0,83.0,91.0,245,81.7,A+,pass
497,16,MALE,master's degree,free/reduced,yes,no,1,completed,2.0,76.0,76.0,69.0,76.0,221,73.7,A,Pass
10,16,Female,bachelor's degree,free/reduced,yes,no,1,none,1.0,73.0,49.0,63.0,51.0,163,54.3,C,Pass
11,14,MALE,associate's degree,free/reduced,yes,no,3,completed,2.0,61.0,,,,177,59.0,C,PASS
80,18,Female,some college,standard,yes,no,2,none,3.0,68.0,59.0,69.0,62.0,190,63.3,B,Pass
895,15,Female,some college,free/reduced,yes,yes,0,none,5.0,73.0,83.0,81.0,80.0,244,81.3,A+,Pass
797,17,M,high school,standard,yes,yes,2,none,1.0,61.0,56.0,34.0,54.0,144,48.0,D,Fail
119,14,F,bachelor's degree,standard,no,yes,0,none,4.0,79.0,80.0,92.0,83.0,255,85.0,A+,Pass
857,16,Male,master's degree,free/reduced,yes,yes,3,none,2.0,93.0,81.0,60.0,77.0,218,72.7,A,Pass
235,18,F,some college,standard,yes,yes,1,none,2.0,93.0,64.0,63.0,88.0,215,71.7,A,pass
606,18,male,high school,standard,no,no,0,completed,3.0,99.0,82.0,85.0,81.0,248,82.7,A+,pass
556,17,FEMALE,some college,free/reduced,yes,yes,2,none,1.0,75.0,43.0,66.0,46.0,155,51.7,C,pass
290,17,FEMALE,master's degree,standard,yes,no,1,none,5.0,60.0,94.0,93.0,100.0,287,95.7,O,PASS
217,16,FEMALE,bachelor's degree,standard,no,yes,4,none,2.0,74.0,78.0,81.0,75.0,234,78.0,A,Pass
50,17,female,bachelor's degree,standard,yes,no,3,completed,3.0,69.0,80.0,82.0,88.0,250,83.3,A+,pass
516,16,M,master's degree,standard,no,no,0,completed,2.0,88.0,79.0,87.0,79.0,245,81.7,A+,PASS
437,18,female,high school,standard,yes,yes,4,none,2.0,62.0,58.0,50.0,65.0,173,57.7,C,pass
917,18,F,high school,standard,no,yes,3,completed,2.0,63.0,57.0,56.0,64.0,177,59.0,C,pass
510,16,FEMALE,associate's degree,standard,yes,no,0,completed,1.0,79.0,56.0,70.0,68.0,194,64.7,B,pass
624,17,female,bachelor's degree,standard,yes,no,1,none,5.0,65.0,92.0,85.0,74.0,251,83.7,A+,Pass
145,17,female,high school,standard,no,yes,3,completed,4.0,76.0,71.0,70.0,74.0,215,71.7,A,PASS
490,18,m,bachelor's degree,free/reduced,yes,no,3,none,4.0,83.0,80.0,70.0,74.0,224,74.7,A,PASS
701,16,Female,bachelor's degree,free/reduced,no,no,2,none,4.0,79.0,82.0,85.0,77.0,244,81.3,A+,PASS
801,16,M,high school,free/reduced,no,yes,1,completed,1.0,85.0,,59.0,56.0,177,59.0,C,Pass
334,17,M,high school,free/reduced,yes,yes,0,completed,,,,,,166,55.3,C,pass
113,14,F,associate's degree,standard,yes,yes,0,completed,2.0,87.0,86.0,79.0,66.0,231,77.0,A,PASS
439,15,MALE,high school,standard,yes,no,3,none,1.0,88.0,69.0,55.0,56.0,180,60.0,C,PASS
562,18,m,master's degree,standard,yes,yes,0,completed,2.0,65.0,93.0,90.0,72.0,255,85.0,A+,Pass
361,18,f,bachelor's degree,free/reduced,yes,no,2,none,4.0,84.0,77.0,85.0,83.0,245,81.7,A+,PASS
683,16,Male,associate's degree,standard,no,yes,4,completed,3.0,68.0,83.0,73.0,72.0,228,76.0,A,PASS
421,16,,,free/reduced,,no,1,completed,,,,,,278,92.7,O,Pass
339,14,Female,associate's degree,free/reduced,no,no,2,none,5.0,67.0,72.0,73.0,77.0,222,74.0,A,Pass
603,15,F,master's degree,standard,yes,yes,0,none,3.0,79.0,89.0,84.0,90.0,263,87.7,A+,Pass
961,14,M,some college,free/reduced,yes,yes,1,completed,2.0,89.0,47.0,66.0,71.0,184,61.3,B,Pass
777,14,Male,some college,free/reduced,yes,no,3,none,2.0,67.0,60.0,46.0,45.0,151,50.3,C,Pass
609,18,F,bachelor's degree,standard,yes,yes,3,none,5.0,73.0,90.0,74.0,89.0,253,84.3,A+,PASS
352,15,male,bachelor's degree,free/reduced,yes,yes,0,completed,1.0,93.0,74.0,70.0,74.0,218,72.7,A,Pass
688,14,MALE,high school,free/reduced,yes,no,2,completed,3.0,69.0,,62.0,48.0,164,54.7,C,PASS
479,15,m,associate's degree,free/reduced,yes,no,4,none,1.0,85.0,55.0,58.0,68.0,181,60.3,B,pass
897,18,female,some college,standard,no,yes,1,none,2.0,88.0,70.0,74.0,56.0,200,66.7,B,Pass
435,15,f,high school,free/reduced,no,no,0,none,2.0,94.0,54.0,57.0,57.0,168,56.0,C,PASS
633,17,Male,high school,standard,no,yes,3,none,3.0,64.0,42.0,62.0,72.0,176,58.7,C,Pass
323,15,f,some college,standard,no,yes,3,none,4.0,99.0,83.0,84.0,86.0,253,84.3,A+,Pass
744,14,Male,bachelor's degree,free/reduced,yes,no,1,none,3.0,61.0,65.0,64.0,69.0,198,66.0,B,Pass
454,17,FEMALE,master's degree,free/reduced,yes,yes,4,none,1.0,69.0,,74.0,66.0,188,62.7,B,Pass
875,16,FEMALE,some college,free/reduced,no,no,0,none,3.0,78.0,64.0,53.0,62.0,179,59.7,C,pass
184,18,m,bachelor's degree,free/reduced,yes,no,4,completed,2.0,94.0,72.0,89.0,80.0,241,80.3,A+,Pass
368,14,female,high school,standard,yes,no,3,none,3.0,60.0,66.0,63.0,71.0,200,66.7,B,PASS
581,14,female,bachelor's degree,standard,yes,yes,1,none,3.0,89.0,65.0,88.0,70.0,223,74.3,A,PASS
343,15,male,high school,standard,yes,no,1,none,,78.0,,,,180,60.0,C,PASS
307,14,f,master's degree,free/reduced,no,yes,2,none,2.0,72.0,53.0,64.0,75.0,192,64.0,B,PASS
218,17,MALE,master's degree,free/reduced,yes,no,4,none,1.0,95.0,74.0,65.0,67.0,206,68.7,B,Pass
464,17,m,some college,standard,no,no,0,none,3.0,71.0,63.0,68.0,72.0,203,67.7,B,Pass
38,16,MALE,some college,free/reduced,yes,yes,1,completed,2.0,93.0,71.0,74.0,62.0,207,69.0,B,PASS
314,14,Male,master's degree,standard,no,no,3,completed,3.0,77.0,87.0,70.0,82.0,239,79.7,A,pass
597,18,,,standard,,no,1,none,,,,,,177,59.0,C,pass
189,14,M,bachelor's degree,standard,yes,yes,2,none,1.0,60.0,55.0,59.0,60.0,174,58.0,C,pass
955,16,MALE,high school,standard,yes,no,4,none,4.0,80.0,58.0,65.0,73.0,196,65.3,B,Pass
37,14,female,bachelor's degree,standard,yes,no,3,none,2.0,92.0,70.0,70.0,92.0,232,77.3,A,Pass
709,14,FEMALE,some college,standard,yes,no,2,completed,1.0,97.0,,,,211,70.3,A,Pass
847,15,Female,some college,free/reduced,yes,no,1,completed,4.0,85.0,85.0,72.0,68.0,225,75.0,A,pass
892,17,m,high school,standard,yes,no,4,none,3.0,77.0,85.0,62.0,72.0,219,73.0,A,Pass
698,16,Female,master's degree,free/reduced,yes,yes,0,none,2.0,80.0,69.0,74.0,84.0,227,75.7,A,PASS
404,14,m,associate's degree,standard,no,yes,3,completed,2.0,81.0,74.0,64.0,74.0,212,70.7,A,Pass
494,16,Female,associate's degree,standard,yes,no,4,completed,1.0,83.0,70.0,72.0,67.0,209,69.7,B,Pass
786,14,MALE,associate's degree,standard,yes,yes,3,completed,3.0,85.0,81.0,78.0,81.0,240,80.0,A,pass
234,14,FEMALE,associate's degree,standard,yes,yes,2,none,3.0,88.0,71.0,75.0,77.0,223,74.3,A,Pass
103,16,FEMALE,high school,standard,yes,yes,1,none,1.0,64.0,67.0,51.0,57.0,175,58.3,C,Pass
426,14,male,high school,standard,yes,yes,2,none,1.0,61.0,46.0,51.0,48.0,145,48.3,D,FAIL
833,16,MALE,some college,standard,yes,yes,3,completed,2.0,80.0,74.0,86.0,76.0,236,78.7,A,Pass
977,18,Female,bachelor's degree,standard,no,no,4,none,2.0,64.0,67.0,59.0,55.0,181,60.3,B,PASS
66,15,Female,associate's degree,standard,yes,yes,2,completed,4.0,94.0,98.0,100.0,90.0,288,96.0,O,PASS
1000,16,MALE,bachelor's degree,standard,yes,yes,4,none,2.0,72.0,62.0,63.0,65.0,190,63.3,B,pass
164,17,female,some college,standard,yes,no,4,none,1.0,93.0,65.0,75.0,68.0,208,69.3,B,PASS
264,17,m,bachelor's degree,standard,yes,yes,2,completed,2.0,93.0,68.0,89.0,86.0,243,81.0,A+,pass
232,15,f,bachelor's degree,standard,yes,no,0,none,5.0,74.0,70.0,78.0,76.0,224,74.7,A,pass
434,14,F,associate's degree,standard,yes,no,2,none,2.0,85.0,79.0,72.0,81.0,232,77.3,A,Pass
236,16,female,master's degree,free/reduced,no,no,3,none,3.0,77.0,61.0,72.0,89.0,222,74.0,A,Pass
508,17,M,bachelor's degree,free/reduced,yes,yes,4,completed,2.0,76.0,57.0,70.0,77.0,204,68.0,B,Pass
176,16,Female,master's degree,standard,yes,no,0,completed,2.0,91.0,76.0,90.0,85.0,251,83.7,A+,Pass
753,16,female,high school,free/reduced,yes,no,2,none,2.0,67.0,57.0,56.0,50.0,163,54.3,C,PASS
954,18,F,associate's degree,standard,yes,no,4,completed,4.0,96.0,70.0,99.0,84.0,253,84.3,A+,Pass
303,18,MALE,associate's degree,standard,yes,yes,1,none,4.0,75.0,69.0,76.0,84.0,229,76.3,A,pass
72,18,FEMALE,bachelor's degree,standard,no,no,4,none,3.0,61.0,82.0,73.0,75.0,230,76.7,A,pass
169,14,m,high school,standard,yes,no,1,none,1.0,73.0,60.0,43.0,45.0,148,49.3,D,FAIL
90,15,F,high school,free/reduced,yes,no,1,none,1.0,69.0,42.0,49.0,49.0,140,46.7,D,FAIL
118,16,F,some college,free/reduced,yes,yes,2,completed,4.0,70.0,59.0,82.0,79.0,220,73.3,A,Pass
322,14,m,,standard,yes,no,4,completed,,,,,,197,65.7,B,Pass
647,14,Male,bachelor's degree,standard,no,no,2,none,1.0,97.0,87.0,63.0,70.0,220,73.3,A,Pass
995,17,Female,associate's degree,standard,yes,yes,1,none,4.0,99.0,72.0,95.0,86.0,253,84.3,A+,PASS
757,14,f,some college,standard,no,no,3,none,5.0,70.0,69.0,92.0,75.0,236,78.7,A,Pass
62,14,male,some college,standard,yes,no,1,none,4.0,63.0,73.0,75.0,78.0,226,75.3,A,pass
729,15,M,master's degree,standard,yes,no,2,completed,3.0,69.0,89.0,76.0,90.0,255,85.0,A+,Pass
187,15,FEMALE,associate's degree,free/reduced,yes,no,1,completed,5.0,66.0,84.0,87.0,87.0,258,86.0,A+,PASS
572,15,Male,some college,standard,yes,no,0,none,3.0,92.0,71.0,67.0,78.0,216,72.0,A,pass
402,18,F,high school,standard,yes,yes,2,none,2.0,71.0,64.0,62.0,69.0,195,65.0,B,PASS
233,15,f,bachelor's degree,standard,yes,yes,4,completed,2.0,73.0,67.0,83.0,78.0,228,76.0,A,PASS
520,17,female,high school,free/reduced,yes,yes,0,none,2.0,79.0,57.0,63.0,64.0,184,61.3,B,PASS
922,15,MALE,associate's degree,standard,yes,yes,4,none,5.0,61.0,74.0,78.0,91.0,243,81.0,A+,pass
73,15,M,some college,free/reduced,yes,yes,3,completed,4.0,88.0,71.0,75.0,84.0,230,76.7,A,PASS
724,18,m,master's degree,standard,yes,yes,0,completed,4.0,77.0,91.0,87.0,88.0,266,88.7,A+,PASS
271,15,F,high school,standard,yes,no,3,completed,3.0,64.0,71.0,66.0,80.0,217,72.3,A,PASS
112,16,M,bachelor's degree,free/reduced,yes,yes,0,completed,1.0,98.0,64.0,75.0,58.0,197,65.7,B,pass
800,17,M,bachelor's degree,standard,yes,no,0,none,3.0,85.0,81.0,80.0,85.0,246,82.0,A+,PASS
758,14,Male,associate's degree,standard,no,no,1,completed,3.0,61.0,69.0,63.0,61.0,193,64.3,B,pass
743,17,FEMALE,bachelor's degree,standard,no,no,4,none,4.0,80.0,66.0,95.0,95.0,256,85.3,A+,PASS
227,18,male,high school,standard,yes,yes,3,completed,1.0,91.0,63.0,54.0,65.0,182,60.7,B,pass
330,16,F,associate's degree,standard,yes,no,1,completed,2.0,85.0,65.0,69.0,66.0,200,66.7,B,PASS
611,15,M,bachelor's degree,standard,yes,no,2,none,3.0,78.0,70.0,78.0,68.0,216,72.0,A,PASS
728,17,MALE,some college,standard,yes,yes,4,completed,3.0,86.0,73.0,73.0,80.0,226,75.3,A,pass
196,17,FEMALE,associate's degree,standard,yes,no,2,none,1.0,92.0,66.0,61.0,76.0,203,67.7,B,Pass
337,18,male,master's degree,standard,yes,yes,0,none,5.0,86.0,86.0,89.0,97.0,272,90.7,O,PASS
366,16,m,,free/reduced,,no,4,none,,,,,,198,66.0,B,Pass
795,14,male,bachelor's degree,standard,no,yes,3,none,2.0,81.0,66.0,72.0,66.0,204,68.0,B,pass
29,18,female,high school,free/reduced,yes,yes,0,completed,5.0,78.0,79.0,78.0,75.0,232,77.3,A,pass
730,15,F,some college,standard,yes,yes,3,completed,1.0,91.0,62.0,67.0,82.0,211,70.3,A,Pass
966,14,M,high school,standard,yes,yes,3,none,2.0,79.0,44.0,57.0,60.0,161,53.7,C,PASS
704,18,FEMALE,some college,standard,yes,no,0,none,5.0,66.0,85.0,79.0,83.0,247,82.3,A+,PASS
138,17,MALE,some college,standard,yes,no,1,none,1.0,75.0,65.0,55.0,62.0,182,60.7,B,PASS
566,16,female,bachelor's degree,free/reduced,yes,yes,4,completed,1.0,66.0,66.0,64.0,60.0,190,63.3,B,pass
779,18,FEMALE,high school,standard,yes,yes,3,completed,1.0,64.0,52.0,58.0,56.0,166,55.3,C,pass
500,15,F,some college,standard,yes,yes,4,none,1.0,99.0,58.0,69.0,57.0,184,61.3,B,pass
394,15,Female,some college,standard,no,yes,3,none,2.0,75.0,66.0,58.0,74.0,198,66.0,B,PASS
383,18,FEMALE,high school,standard,yes,yes,1,completed,5.0,95.0,,100.0,88.0,282,94.0,O,pass
222,17,MALE,high school,standard,yes,yes,3,none,4.0,72.0,73.0,66.0,72.0,211,70.3,A,Pass
473,14,Male,bachelor's degree,standard,yes,yes,4,none,2.0,66.0,57.0,59.0,75.0,191,63.7,B,Pass
684,18,f,master's degree,standard,yes,yes,4,completed,2.0,61.0,53.0,78.0,85.0,216,72.0,A,pass
481,18,Female,some college,standard,yes,no,0,completed,4.0,70.0,78.0,92.0,87.0,257,85.7,A+,Pass
663,17,male,some college,standard,yes,yes,4,completed,3.0,71.0,84.0,59.0,78.0,221,73.7,A,pass
496,17,m,high school,free/reduced,yes,no,0,none,2.0,63.0,51.0,44.0,51.0,146,48.7,D,FAIL
329,17,F,bachelor's degree,free/reduced,yes,no,1,completed,4.0,80.0,100.0,80.0,72.0,252,84.0,A+,Pass
13,17,Male,master's degree,free/reduced,yes,no,3,completed,5.0,62.0,92.0,93.0,97.0,282,94.0,O,Pass
617,18,male,high school,standard,yes,yes,2,none,5.0,77.0,74.0,79.0,78.0,231,77.0,A,Pass
949,15,female,master's degree,standard,no,yes,2,none,2.0,79.0,75.0,79.0,67.0,221,73.7,A,Pass
207,18,FEMALE,some college,standard,no,yes,1,completed,4.0,90.0,83.0,72.0,94.0,249,83.0,A+,pass
104,18,F,high school,standard,no,no,1,completed,2.0,90.0,65.0,73.0,71.0,209,69.7,B,Pass
668,16,f,associate's degree,standard,yes,no,2,completed,1.0,80.0,52.0,75.0,61.0,188,62.7,B,pass
310,18,f,high school,standard,no,no,2,none,1.0,96.0,55.0,75.0,58.0,188,62.7,B,Pass
528,17,Female,bachelor's degree,free/reduced,yes,no,2,none,1.0,78.0,55.0,71.0,72.0,198,66.0,B,pass
223,16,F,high school,standard,yes,no,3,none,5.0,93.0,71.0,79.0,88.0,238,79.3,A,Pass
154,18,M,bachelor's degree,standard,yes,yes,4,completed,1.0,83.0,76.0,76.0,77.0,229,76.3,A,Pass
181,14,m,bachelor's degree,standard,yes,yes,3,completed,4.0,88.0,84.0,94.0,72.0,250,83.3,A+,PASS
671,14,M,associate's degree,free/reduced,yes,no,1,none,1.0,77.0,42.0,64.0,62.0,168,56.0,C,pass
183,17,FEMALE,high school,standard,yes,no,1,completed,4.0,63.0,72.0,70.0,64.0,206,68.7,B,PASS
915,15,FEMALE,,standard,yes,yes,3,none,,,,,,204,68.0,B,Pass
332,15,M,associate's degree,standard,yes,yes,3,none,4.0,68.0,68.0,72.0,76.0,216,72.0,A,Pass
498,16,f,high school,standard,yes,yes,4,completed,2.0,76.0,61.0,72.0,82.0,215,71.7,A,pass
601,14,MALE,high school,free/reduced,yes,yes,2,completed,3.0,61.0,70.0,80.0,62.0,212,70.7,A,pass
142,18,Male,some college,free/reduced,yes,no,4,completed,5.0,87.0,88.0,69.0,81.0,238,79.3,A,pass
788,14,FEMALE,some college,standard,yes,yes,2,none,3.0,71.0,66.0,73.0,66.0,205,68.3,B,PASS
681,17,F,master's degree,standard,no,no,1,completed,2.0,70.0,75.0,84.0,84.0,243,81.0,A+,PASS
802,14,female,master's degree,standard,yes,no,0,none,5.0,83.0,88.0,91.0,100.0,279,93.0,O,Pass
564,15,Male,some college,standard,yes,yes,3,none,2.0,79.0,56.0,60.0,72.0,188,62.7,B,Pass
595,15,F,some college,standard,no,no,0,completed,2.0,68.0,61.0,75.0,78.0,214,71.3,A,PASS
731,15,male,master's degree,free/reduced,yes,no,2,none,4.0,85.0,82.0,68.0,80.0,230,76.7,A,pass
317,14,male,associate's degree,standard,yes,no,0,none,2.0,93.0,64.0,66.0,74.0,204,68.0,B,Pass
416,18,m,some college,free/reduced,yes,yes,1,none,2.0,72.0,69.0,68.0,51.0,188,62.7,B,PASS
211,17,male,bachelor's degree,standard,no,no,1,none,1.0,77.0,68.0,52.0,52.0,172,57.3,C,PASS
543,18,male,some college,standard,no,no,1,completed,3.0,71.0,78.0,75.0,70.0,223,74.3,A,PASS
143,16,female,some college,standard,yes,yes,4,none,3.0,75.0,61.0,77.0,72.0,210,70.0,B,PASS
3,14,MALE,some college,standard,yes,yes,0,none,5.0,61.0,76.0,65.0,78.0,219,73.0,A,pass
363,16,male,associate's degree,standard,no,no,0,none,2.0,81.0,64.0,70.0,67.0,201,67.0,B,Pass
5,17,male,bachelor's degree,standard,yes,yes,3,completed,5.0,65.0,70.0,96.0,76.0,242,80.7,A+,PASS
45,17,Female,associate's degree,free/reduced,yes,yes,0,completed,4.0,80.0,73.0,88.0,75.0,236,78.7,A,pass
282,15,female,associate's degree,free/reduced,yes,no,3,none,2.0,81.0,68.0,60.0,72.0,200,66.7,B,pass
203,15,male,some college,standard,yes,yes,4,completed,2.0,62.0,63.0,65.0,73.0,201,67.0,B,pass
584,17,Female,master's degree,free/reduced,no,yes,3,none,4.0,92.0,84.0,85.0,97.0,266,88.7,A+,pass
359,16,M,associate's degree,free/reduced,yes,yes,4,completed,2.0,73.0,56.0,64.0,61.0,181,60.3,B,Pass
539,16,Male,high school,standard,no,yes,4,completed,3.0,92.0,75.0,69.0,78.0,222,74.0,A,pass
372,14,female,some college,standard,yes,yes,3,none,1.0,96.0,71.0,64.0,72.0,207,69.0,B,pass
878,14,Female,associate's degree,free/reduced,yes,yes,0,completed,4.0,63.0,78.0,85.0,76.0,239,79.7,A,pass
613,15,FEMALE,some college,standard,yes,no,1,none,1.0,65.0,51.0,56.0,61.0,168,56.0,C,pass
238,15,f,bachelor's degree,standard,yes,yes,2,none,4.0,88.0,96.0,84.0,82.0,262,87.3,A+,Pass
375,18,Male,high school,free/reduced,yes,no,0,none,1.0,86.0,60.0,54.0,61.0,175,58.3,C,PASS
274,17,female,some college,free/reduced,no,yes,3,none,4.0,96.0,67.0,72.0,78.0,217,72.3,A,Pass
838,17,Male,bachelor's degree,standard,yes,no,1,none,5.0,82.0,84.0,83.0,94.0,261,87.0,A+,pass
195,14,m,high school,standard,yes,no,2,none,2.0,70.0,61.0,71.0,49.0,181,60.3,B,Pass
514,14,Female,high school,standard,yes,yes,3,completed,1.0,68.0,49.0,66.0,71.0,186,62.0,B,pass
799,14,Male,associate's degree,standard,yes,yes,3,completed,2.0,66.0,69.0,58.0,72.0,199,66.3,B,pass
921,17,male,some college,standard,yes,yes,4,none,1.0,82.0,60.0,59.0,56.0,175,58.3,C,Pass
210,14,MALE,bachelor's degree,free/reduced,no,no,1,completed,5.0,82.0,,,,243,81.0,A+,PASS
163,14,f,associate's degree,free/reduced,no,yes,1,completed,1.0,85.0,72.0,79.0,72.0,223,74.3,A,pass
692,18,FEMALE,associate's degree,free/reduced,yes,yes,2,none,4.0,95.0,84.0,81.0,79.0,244,81.3,A+,Pass
654,17,m,bachelor's degree,free/reduced,yes,no,2,completed,2.0,71.0,65.0,65.0,77.0,207,69.0,B,PASS
88,18,M,high school,standard,yes,no,0,none,4.0,71.0,84.0,72.0,72.0,228,76.0,A,PASS
767,17,m,some college,standard,yes,yes,3,none,3.0,77.0,60.0,77.0,71.0,208,69.3,B,Pass
629,14,M,some college,free/reduced,yes,yes,3,none,2.0,64.0,48.0,59.0,45.0,152,50.7,C,Pass
191,16,Male,some college,standard,yes,no,1,none,4.0,75.0,80.0,71.0,79.0,230,76.7,A,Pass
179,16,MALE,master's degree,standard,yes,no,2,completed,4.0,68.0,95.0,84.0,76.0,255,85.0,A+,PASS
587,14,Female,associate's degree,standard,yes,no,3,completed,1.0,83.0,66.0,72.0,81.0,219,73.0,A,PASS
393,14,f,bachelor's degree,free/reduced,yes,no,0,none,3.0,73.0,73.0,70.0,79.0,222,74.0,A,pass
648,15,m,bachelor's degree,standard,yes,no,3,none,2.0,67.0,67.0,78.0,67.0,212,70.7,A,pass
582,17,M,high school,standard,yes,no,3,none,2.0,71.0,,64.0,68.0,185,61.7,B,Pass
946,14,M,high school,standard,no,no,4,none,5.0,90.0,71.0,82.0,80.0,233,77.7,A,pass
718,18,female,bachelor's degree,standard,no,yes,4,completed,3.0,80.0,,78.0,,251,83.7,A+,pass
512,17,f,master's degree,standard,no,yes,3,completed,2.0,77.0,80.0,77.0,84.0,241,80.3,A+,PASS
636,15,FEMALE,high school,free/reduced,no,yes,2,none,1.0,68.0,,,,155,51.7,C,pass
440,18,m,associate's degree,standard,yes,no,1,completed,2.0,93.0,67.0,82.0,83.0,232,77.3,A,PASS
472,18,F,master's degree,free/reduced,yes,no,2,completed,3.0,95.0,73.0,90.0,84.0,247,82.3,A+,PASS
399,18,female,high school,standard,yes,yes,3,completed,3.0,69.0,68.0,70.0,59.0,197,65.7,B,PASS
607,18,Male,some college,free/reduced,no,yes,4,none,5.0,61.0,72.0,78.0,71.0,221,73.7,A,pass
36,17,male,master's degree,standard,yes,no,1,none,1.0,78.0,62.0,64.0,57.0,183,61.0,B,pass
723,15,Female,some college,standard,yes,yes,4,completed,5.0,92.0,84.0,90.0,94.0,268,89.3,A+,PASS
874,18,Male,associate's degree,standard,yes,no,3,none,2.0,88.0,78.0,71.0,57.0,206,68.7,B,Pass
44,15,f,bachelor's degree,standard,yes,no,1,none,2.0,65.0,60.0,69.0,62.0,191,63.7,B,Pass
262,18,,,free/reduced,,yes,1,completed,,,,,,247,82.3,A+,pass
579,15,FEMALE,some college,free/reduced,no,yes,4,completed,4.0,61.0,60.0,85.0,77.0,222,74.0,A,pass
430,18,female,some college,standard,yes,yes,3,completed,1.0,97.0,75.0,70.0,66.0,211,70.3,A,Pass
229,14,male,some college,free/reduced,yes,no,0,completed,1.0,72.0,57.0,54.0,48.0,159,53.0,C,Pass
6,17,FEMALE,high school,standard,yes,yes,0,completed,3.0,70.0,74.0,71.0,78.0,223,74.3,A,Pass
969,18,female,master's degree,standard,yes,yes,2,none,5.0,63.0,100.0,89.0,88.0,277,92.3,O,pass
836,16,F,bachelor's degree,standard,yes,no,0,none,1.0,99.0,76.0,80.0,84.0,240,80.0,A,Pass
319,16,,,standard,,yes,4,completed,,,,,,227,75.7,A,pass
902,17,female,high school,standard,yes,no,4,completed,3.0,64.0,72.0,67.0,69.0,208,69.3,B,Pass
313,18,f,,standard,,yes,1,none,,,,,,192,64.0,B,pass
76,14,female,master's degree,standard,no,yes,3,none,2.0,69.0,83.0,76.0,70.0,229,76.3,A,pass
174,17,f,associate's degree,free/reduced,no,yes,3,completed,1.0,67.0,71.0,59.0,57.0,187,62.3,B,pass
862,18,Male,some college,standard,yes,yes,4,completed,3.0,70.0,66.0,69.0,71.0,206,68.7,B,PASS
52,14,Female,bachelor's degree,standard,yes,no,0,completed,1.0,77.0,58.0,77.0,77.0,212,70.7,A,Pass
552,16,F,associate's degree,standard,no,no,2,none,3.0,83.0,69.0,73.0,79.0,221,73.7,A,PASS
813,16,M,associate's degree,standard,yes,yes,1,none,1.0,70.0,61.0,51.0,49.0,161,53.7,C,pass
943,15,F,bachelor's degree,free/reduced,yes,no,1,completed,2.0,71.0,56.0,64.0,73.0,193,64.3,B,pass
221,14,M,master's degree,standard,no,no,3,none,2.0,62.0,61.0,75.0,65.0,201,67.0,B,PASS
509,14,F,some college,standard,no,yes,4,none,3.0,77.0,61.0,58.0,61.0,180,60.0,C,pass
599,17,F,,free/reduced,yes,no,1,completed,,,,,,229,76.3,A,pass
388,14,Male,some college,standard,yes,no,1,completed,3.0,66.0,64.0,74.0,73.0,211,70.3,A,pass
94,15,FEMALE,some college,standard,yes,yes,2,none,3.0,82.0,71.0,66.0,68.0,205,68.3,B,PASS
149,16,MALE,bachelor's degree,free/reduced,no,yes,1,completed,3.0,69.0,70.0,84.0,77.0,231,77.0,A,pass
483,18,Male,high school,standard,no,yes,4,none,2.0,84.0,51.0,63.0,56.0,170,56.7,C,pass
873,18,f,bachelor's degree,free/reduced,yes,no,2,completed,1.0,64.0,52.0,66.0,61.0,179,59.7,C,Pass
250,16,Male,associate's degree,standard,yes,yes,0,none,5.0,89.0,83.0,74.0,77.0,234,78.0,A,PASS
341,18,Male,high school,standard,yes,yes,4,completed,3.0,83.0,70.0,71.0,82.0,223,74.3,A,PASS
865,18,Female,bachelor's degree,standard,no,yes,2,none,2.0,92.0,76.0,70.0,67.0,213,71.0,A,PASS
201,15,Male,associate's degree,free/reduced,yes,yes,4,none,3.0,64.0,66.0,64.0,59.0,189,63.0,B,pass
92,17,f,associate's degree,free/reduced,yes,no,2,none,1.0,66.0,67.0,52.0,53.0,172,57.3,C,PASS
541,15,Male,associate's degree,free/reduced,yes,yes,4,completed,4.0,76.0,76.0,70.0,78.0,224,74.7,A,Pass
585,14,,,standard,,no,4,none,,,,,,227,75.7,A,pass
443,15,m,bachelor's degree,free/reduced,yes,yes,3,completed,1.0,66.0,60.0,64.0,60.0,184,61.3,B,Pass
319,16,M,high school,standard,yes,yes,4,completed,4.0,62.0,71.0,81.0,75.0,227,75.7,A,PASS
281,15,f,bachelor's degree,standard,no,no,3,completed,2.0,81.0,71.0,84.0,87.0,242,80.7,A+,PASS
411,17,m,associate's degree,standard,no,yes,4,completed,1.0,65.0,59.0,70.0,67.0,196,65.3,B,pass
639,17,Female,associate's degree,standard,no,yes,3,none,3.0,88.0,68.0,75.0,72.0,215,71.7,A,pass
569,18,m,some college,standard,yes,yes,2,completed,3.0,85.0,71.0,69.0,74.0,214,71.3,A,PASS
825,17,female,master's degree,free/reduced,yes,no,3,none,4.0,65.0,,76.0,,249,83.0,A+,pass
984,15,MALE,high school,standard,yes,no,0,none,3.0,60.0,51.0,48.0,57.0,156,52.0,C,PASS
336,18,f,some college,free/reduced,yes,no,4,none,2.0,83.0,60.0,59.0,67.0,186,62.0,B,PASS
893,14,m,high school,standard,no,no,1,none,3.0,94.0,70.0,66.0,68.0,204,68.0,B,pass
944,16,M,some college,free/reduced,yes,no,2,none,2.0,80.0,63.0,58.0,54.0,175,58.3,C,Pass
947,14,MALE,bachelor's degree,standard,yes,no,0,none,1.0,90.0,65.0,81.0,62.0,208,69.3,B,Pass
507,15,female,bachelor's degree,standard,yes,no,3,none,2.0,69.0,67.0,57.0,85.0,209,69.7,B,PASS
769,17,Female,associate's degree,standard,yes,no,4,none,4.0,89.0,66.0,83.0,96.0,245,81.7,A+,Pass
776,17,male,high school,standard,yes,no,1,none,3.0,93.0,75.0,67.0,65.0,207,69.0,B,PASS
93,16,f,high school,standard,no,no,0,none,3.0,61.0,54.0,57.0,75.0,186,62.0,B,PASS
593,18,M,associate's degree,standard,yes,yes,4,completed,3.0,99.0,93.0,88.0,93.0,274,91.3,O,pass
759,16,M,high school,standard,no,yes,1,completed,2.0,85.0,78.0,49.0,60.0,187,62.3,B,Pass
755,15,F,bachelor's degree,free/reduced,no,yes,1,completed,1.0,69.0,67.0,66.0,68.0,201,67.0,B,pass
884,14,female,some college,standard,no,no,4,completed,3.0,84.0,83.0,72.0,93.0,248,82.7,A+,PASS
934,15,Male,bachelor's degree,standard,yes,no,3,completed,5.0,86.0,100.0,96.0,94.0,290,96.7,O,PASS
576,17,f,some college,free/reduced,yes,no,3,none,3.0,63.0,68.0,58.0,67.0,193,64.3,B,Pass
574,15,FEMALE,high school,free/reduced,yes,yes,0,completed,3.0,79.0,63.0,68.0,82.0,213,71.0,A,PASS
279,18,male,bachelor's degree,standard,no,yes,4,completed,3.0,68.0,65.0,83.0,74.0,222,74.0,A,PASS
280,18,Female,associate's degree,free/reduced,no,yes,4,completed,5.0,95.0,84.0,87.0,93.0,264,88.0,A+,PASS
338,14,MALE,some college,standard,yes,yes,1,completed,1.0,97.0,60.0,75.0,70.0,205,68.3,B,PASS
228,14,female,bachelor's degree,free/reduced,no,yes,3,completed,1.0,89.0,73.0,82.0,75.0,230,76.7,A,pass
9,16,Male,master's degree,standard,yes,yes,0,none,4.0,70.0,79.0,79.0,80.0,238,79.3,A,PASS
86,18,MALE,some college,standard,no,no,2,none,2.0,95.0,72.0,71.0,42.0,185,61.7,B,PASS
985,15,F,some college,standard,yes,no,2,none,2.0,87.0,75.0,72.0,76.0,223,74.3,A,PASS
631,16,m,bachelor's degree,standard,yes,yes,0,none,2.0,74.0,78.0,72.0,65.0,215,71.7,A,pass
747,16,M,high school,standard,yes,no,2,none,2.0,96.0,65.0,73.0,55.0,193,64.3,B,pass
861,14,female,master's degree,standard,yes,yes,2,none,1.0,73.0,50.0,72.0,75.0,197,65.7,B,pass
97,14,female,bachelor's degree,standard,yes,yes,4,completed,2.0,98.0,89.0,85.0,80.0,254,84.7,A+,PASS
342,17,f,bachelor's degree,standard,no,yes,2,none,1.0,66.0,69.0,79.0,51.0,199,66.3,B,Pass
122,16,MALE,some college,standard,yes,yes,1,none,2.0,81.0,49.0,74.0,75.0,198,66.0,B,pass
157,17,male,some college,standard,yes,no,2,none,2.0,65.0,67.0,49.0,52.0,168,56.0,C,pass
768,18,female,associate's degree,free/reduced,yes,yes,2,none,1.0,96.0,58.0,75.0,54.0,187,62.3,B,Pass
660,14,female,high school,free/reduced,yes,no,0,completed,3.0,62.0,56.0,58.0,66.0,180,60.0,C,pass
886,15,male,some college,standard,yes,yes,4,none,3.0,71.0,64.0,68.0,73.0,205,68.3,B,PASS
471,18,M,bachelor's degree,standard,yes,yes,0,completed,5.0,61.0,93.0,83.0,81.0,257,85.7,A+,Pass
558,16,F,some college,standard,yes,no,4,completed,1.0,67.0,54.0,65.0,67.0,186,62.0,B,Pass
294,15,F,associate's degree,free/reduced,yes,yes,0,completed,4.0,63.0,71.0,84.0,68.0,223,74.3,A,pass
855,16,male,associate's degree,free/reduced,yes,no,4,completed,3.0,94.0,72.0,73.0,83.0,228,76.0,A,pass
819,14,f,high school,standard,no,yes,0,none,2.0,87.0,66.0,68.0,66.0,200,66.7,B,PASS
165,16,FEMALE,high school,free/reduced,yes,no,1,none,3.0,87.0,60.0,63.0,68.0,191,63.7,B,Pass
50,17,female,bachelor's degree,standard,yes,no,3,completed,3.0,69.0,80.0,82.0,88.0,250,83.3,A+,pass
283,17,f,some college,standard,yes,yes,1,none,1.0,81.0,62.0,58.0,55.0,175,58.3,C,pass
365,14,MALE,some college,free/reduced,yes,no,3,completed,1.0,78.0,52.0,64.0,73.0,189,63.0,B,Pass
311,17,FEMALE,master's degree,free/reduced,yes,no,0,completed,3.0,98.0,90.0,81.0,97.0,268,89.3,A+,Pass
511,16,M,some college,standard,yes,no,1,none,1.0,96.0,67.0,73.0,69.0,209,69.7,B,PASS
180,18,M,bachelor's degree,free/reduced,yes,yes,1,none,2.0,60.0,51.0,61.0,57.0,169,56.3,C,pass
70,15,female,some college,standard,yes,yes,1,none,4.0,74.0,76.0,83.0,81.0,240,80.0,A,PASS
958,16,Male,bachelor's degree,standard,yes,yes,0,none,1.0,96.0,63.0,73.0,67.0,203,67.7,B,PASS
918,15,Female,high school,standard,no,yes,1,none,1.0,68.0,70.0,62.0,44.0,176,58.7,C,PASS
702,16,f,high school,standard,no,no,1,none,1.0,83.0,67.0,51.0,69.0,187,62.3,B,Pass
973,17,M,master's degree,free/reduced,yes,no,4,none,2.0,69.0,77.0,69.0,67.0,213,71.0,A,Pass
59,16,MALE,bachelor's degree,free/reduced,yes,no,0,completed,1.0,68.0,58.0,66.0,64.0,188,62.7,B,Pass
906,15,f,associate's degree,standard,yes,yes,1,none,3.0,91.0,78.0,78.0,76.0,232,77.3,A,pass
599,17,F,bachelor's degree,free/reduced,yes,no,1,completed,2.0,82.0,62.0,82.0,85.0,229,76.3,A,PASS
864,15,Female,associate's degree,standard,yes,yes,0,completed,3.0,63.0,61.0,83.0,63.0,207,69.0,B,PASS
266,18,female,associate's degree,standard,yes,no,3,none,2.0,65.0,76.0,74.0,66.0,216,72.0,A,PASS
807,17,female,bachelor's degree,standard,no,yes,2,completed,3.0,68.0,76.0,96.0,72.0,244,81.3,A+,Pass
817,15,m,associate's degree,standard,yes,yes,1,none,4.0,66.0,78.0,61.0,69.0,208,69.3,B,pass
381,17,female,some college,free/reduced,no,no,1,completed,3.0,87.0,77.0,75.0,79.0,231,77.0,A,Pass
605,14,male,master's degree,free/reduced,yes,yes,3,completed,2.0,71.0,74.0,78.0,74.0,226,75.3,A,Pass
699,15,f,bachelor's degree,standard,yes,no,3,completed,2.0,89.0,81.0,83.0,87.0,251,83.7,A+,pass
782,16,M,bachelor's degree,standard,yes,yes,0,completed,4.0,72.0,83.0,82.0,84.0,249,83.0,A+,Pass
898,14,Female,some college,standard,no,yes,3,none,1.0,74.0,56.0,63.0,60.0,179,59.7,C,PASS
148,17,Male,bachelor's degree,free/reduced,yes,yes,0,none,2.0,86.0,72.0,74.0,75.0,221,73.7,A,PASS
252,17,Male,master's degree,standard,yes,no,1,none,5.0,79.0,100.0,95.0,85.0,280,93.3,O,Pass
661,14,f,bachelor's degree,free/reduced,no,yes,2,completed,3.0,90.0,76.0,89.0,75.0,240,80.0,A,pass
890,14,m,associate's degree,free/reduced,yes,no,2,none,1.0,62.0,59.0,59.0,45.0,163,54.3,C,pass
213,16,M,associate's degree,free/reduced,yes,yes,4,completed,4.0,74.0,78.0,87.0,80.0,245,81.7,A+,PASS
441,18,male,some college,standard,yes,no,2,completed,4.0,92.0,97.0,81.0,81.0,259,86.3,A+,Pass
913,17,male,some college,standard,yes,no,1,completed,3.0,85.0,80.0,70.0,71.0,221,73.7,A,PASS
331,16,MALE,some college,free/reduced,yes,yes,4,none,2.0,73.0,72.0,47.0,41.0,160,53.3,C,pass
798,16,M,high school,standard,no,no,0,completed,1.0,96.0,72.0,66.0,69.0,207,69.0,B,pass
277,14,male,some college,free/reduced,yes,no,3,completed,4.0,64.0,98.0,66.0,65.0,229,76.3,A,PASS
818,14,Male,bachelor's degree,standard,yes,no,2,completed,1.0,99.0,75.0,70.0,86.0,231,77.0,A,Pass
804,16,M,associate's degree,standard,yes,yes,3,completed,3.0,75.0,88.0,67.0,84.0,239,79.7,A,pass
682,16,m,some college,standard,no,yes,2,completed,3.0,71.0,84.0,61.0,72.0,217,72.3,A,Pass
708,17,f,some college,free/reduced,yes,yes,2,none,3.0,97.0,68.0,77.0,75.0,220,73.3,A,PASS
449,18,Male,master's degree,standard,yes,yes,4,completed,1.0,60.0,81.0,67.0,72.0,220,73.3,A,Pass
386,14,f,high school,standard,yes,no,2,none,5.0,82.0,79.0,75.0,78.0,232,77.3,A,PASS
720,16,FEMALE,some college,standard,no,no,0,none,2.0,80.0,74.0,58.0,59.0,191,63.7,B,PASS
525,18,female,master's degree,standard,yes,no,0,completed,3.0,74.0,95.0,93.0,94.0,282,94.0,O,Pass
304,15,f,associate's degree,standard,yes,no,4,none,5.0,93.0,96.0,93.0,91.0,280,93.3,O,PASS
488,15,FEMALE,some college,standard,yes,yes,3,none,3.0,92.0,82.0,69.0,75.0,226,75.3,A,PASS
754,16,female,high school,free/reduced,yes,yes,4,completed,3.0,89.0,82.0,77.0,76.0,235,78.3,A,Pass
851,16,Male,bachelor's degree,standard,no,yes,4,completed,4.0,68.0,87.0,72.0,85.0,244,81.3,A+,pass
20,17,Male,high school,free/reduced,yes,yes,1,none,2.0,94.0,56.0,58.0,61.0,175,58.3,C,pass
325,14,FEMALE,associate's degree,standard,no,yes,3,completed,2.0,81.0,83.0,95.0,73.0,251,83.7,A+,pass
261,17,MALE,high school,standard,yes,yes,2,completed,1.0,63.0,,57.0,61.0,173,57.7,C,PASS
994,15,f,high school,standard,no,no,4,none,4.0,90.0,75.0,66.0,83.0,224,74.7,A,Pass
410,18,FEMALE,some college,standard,yes,no,4,completed,,,,,,209,69.7,B,PASS
401,15,female,some college,standard,yes,no,4,completed,2.0,96.0,90.0,81.0,80.0,251,83.7,A+,Pass
109,15,FEMALE,associate's degree,standard,yes,no,2,none,5.0,61.0,84.0,91.0,91.0,266,88.7,A+,pass
55,16,Male,master's degree,standard,yes,yes,4,completed,1.0,90.0,83.0,83.0,82.0,248,82.7,A+,pass
910,18,F,bachelor's degree,standard,yes,yes,1,completed,3.0,83.0,85.0,91.0,89.0,265,88.3,A+,Pass
151,14,MALE,high school,standard,yes,yes,1,completed,4.0,95.0,73.0,81.0,79.0,233,77.7,A,pass
711,14,MALE,some college,free/reduced,yes,no,2,completed,1.0,69.0,59.0,52.0,56.0,167,55.7,C,pass
899,15,male,associate's degree,standard,yes,no,3,completed,1.0,87.0,81.0,61.0,61.0,203,67.7,B,pass
827,16,m,high school,free/reduced,yes,yes,4,none,1.0,63.0,54.0,37.0,47.0,138,46.0,D,fail
719,14,Female,bachelor's degree,free/reduced,yes,yes,0,none,3.0,65.0,76.0,55.0,64.0,195,65.0,B,pass
107,15,Female,some college,standard,yes,yes,2,completed,4.0,79.0,66.0,92.0,92.0,250,83.3,A+,Pass
866,18,MALE,high school,standard,yes,no,1,none,3.0,66.0,53.0,66.0,51.0,170,56.7,C,Pass
25,17,female,bachelor's degree,standard,no,yes,2,none,1.0,84.0,56.0,56.0,76.0,188,62.7,B,PASS
939,14,female,some college,standard,no,no,4,none,5.0,95.0,76.0,91.0,99.0,266,88.7,A+,Pass
534,18,male,high school,free/reduced,yes,no,2,completed,5.0,87.0,79.0,73.0,76.0,228,76.0,A,PASS
834,15,Female,master's degree,free/reduced,no,yes,2,completed,3.0,86.0,93.0,89.0,77.0,259,86.3,A+,PASS
83,18,male,associate's degree,standard,yes,no,4,none,2.0,94.0,58.0,73.0,68.0,199,66.3,B,PASS
928,18,FEMALE,master's degree,free/reduced,yes,yes,4,none,1.0,93.0,65.0,72.0,79.0,216,72.0,A,PASS
975,16,F,some college,standard,yes,yes,4,none,3.0,72.0,75.0,75.0,74.0,224,74.7,A,PASS
614,16,f,associate's degree,free/reduced,yes,yes,3,completed,1.0,72.0,67.0,55.0,80.0,202,67.3,B,PASS
380,14,m,some college,standard,yes,yes,2,completed,2.0,75.0,52.0,61.0,68.0,181,60.3,B,Pass
77,17,,,standard,,no,4,none,,,,,,165,55.0,C,Pass
389,16,male,high school,free/reduced,no,yes,4,none,3.0,74.0,,62.0,,172,57.3,C,pass
407,14,F,bachelor's degree,free/reduced,yes,no,2,none,3.0,60.0,55.0,86.0,54.0,195,65.0,B,Pass
292,15,MALE,associate's degree,free/reduced,no,no,4,none,1.0,60.0,46.0,50.0,57.0,153,51.0,C,PASS
111,14,Female,high school,free/reduced,no,no,0,none,3.0,72.0,59.0,56.0,58.0,173,57.7,C,pass
625,16,MALE,bachelor's degree,free/reduced,yes,no,4,none,4.0,79.0,61.0,57.0,60.0,178,59.3,C,Pass
810,18,m,bachelor's degree,standard,no,yes,1,none,4.0,96.0,100.0,80.0,83.0,263,87.7,A+,pass
789,18,female,high school,standard,yes,yes,3,none,2.0,61.0,60.0,56.0,69.0,185,61.7,B,pass
247,15,Male,some college,standard,yes,yes,4,none,3.0,96.0,83.0,77.0,62.0,222,74.0,A,PASS
146,15,M,master's degree,free/reduced,yes,no,1,completed,1.0,72.0,76.0,61.0,61.0,198,66.0,B,Pass
129,16,female,high school,standard,no,no,2,none,4.0,94.0,99.0,80.0,86.0,265,88.3,A+,PASS
872,15,f,high school,free/reduced,no,no,1,none,2.0,74.0,42.0,58.0,68.0,168,56.0,C,Pass
623,17,Male,bachelor's degree,free/reduced,yes,yes,2,completed,3.0,78.0,,79.0,,232,77.3,A,Pass
503,14,Male,master's degree,free/reduced,yes,yes,0,completed,4.0,80.0,92.0,94.0,84.0,270,90.0,A+,PASS
134,15,M,associate's degree,free/reduced,yes,no,2,completed,2.0,66.0,67.0,62.0,73.0,202,67.3,B,PASS
487,15,Male,bachelor's degree,free/reduced,no,no,0,completed,1.0,99.0,74.0,78.0,82.0,234,78.0,A,pass
931,18,MALE,associate's degree,standard,yes,no,3,none,3.0,75.0,72.0,72.0,72.0,216,72.0,A,Pass
91,15,F,high school,free/reduced,no,no,2,none,5.0,68.0,72.0,67.0,79.0,218,72.7,A,PASS
206,14,male,master's degree,standard,no,yes,3,none,5.0,90.0,100.0,89.0,78.0,267,89.0,A+,pass
453,14,FEMALE,high school,standard,yes,no,3,none,5.0,98.0,77.0,76.0,83.0,236,78.7,A,PASS
171,18,f,high school,standard,yes,yes,3,none,2.0,80.0,61.0,50.0,63.0,174,58.0,C,Pass
942,15,M,high school,standard,yes,no,4,none,4.0,81.0,74.0,56.0,70.0,200,66.7,B,Pass
57,18,FEMALE,high school,standard,no,no,0,none,2.0,63.0,56.0,52.0,49.0,157,52.3,C,pass
405,16,F,some college,free/reduced,no,no,2,none,4.0,91.0,73.0,81.0,80.0,234,78.0,A,Pass
242,17,m,some college,free/reduced,yes,no,4,completed,4.0,73.0,69.0,56.0,73.0,198,66.0,B,Pass
600,18,FEMALE,some college,standard,yes,no,3,completed,1.0,76.0,64.0,71.0,66.0,201,67.0,B,PASS
347,18,m,high school,standard,yes,no,1,none,5.0,88.0,80.0,97.0,77.0,254,84.7,A+,pass
98,16,female,high school,standard,no,no,3,none,3.0,80.0,57.0,66.0,79.0,202,67.3,B,PASS
117,16,m,high school,free/reduced,no,yes,4,completed,3.0,77.0,69.0,67.0,78.0,214,71.3,A,PASS
202,14,f,high school,standard,yes,yes,4,none,3.0,91.0,57.0,82.0,83.0,222,74.0,A,Pass
909,14,male,associate's degree,free/reduced,yes,yes,2,completed,2.0,86.0,70.0,66.0,84.0,220,73.3,A,Pass
480,18,F,associate's degree,free/reduced,yes,yes,4,none,2.0,92.0,67.0,61.0,63.0,191,63.7,B,pass
324,18,female,some college,free/reduced,yes,no,4,completed,2.0,65.0,64.0,64.0,70.0,198,66.0,B,pass
194,18,male,some college,standard,yes,yes,1,none,2.0,82.0,77.0,52.0,48.0,177,59.0,C,Pass
444,14,female,bachelor's degree,free/reduced,no,no,2,none,2.0,62.0,58.0,65.0,64.0,187,62.3,B,PASS
726,14,M,associate's degree,standard,no,yes,1,none,4.0,91.0,79.0,73.0,77.0,229,76.3,A,PASS
832,15,Male,bachelor's degree,standard,yes,yes,3,none,1.0,88.0,72.0,75.0,69.0,216,72.0,A,pass
455,15,m,some college,free/reduced,no,no,2,none,2.0,66.0,49.0,50.0,58.0,157,52.3,C,pass
529,17,FEMALE,some college,standard,no,no,3,none,4.0,85.0,65.0,82.0,83.0,230,76.7,A,pass
822,14,FEMALE,high school,free/reduced,no,no,3,completed,5.0,74.0,71.0,82.0,78.0,231,77.0,A,Pass
551,15,Male,master's degree,standard,no,no,1,completed,5.0,75.0,90.0,100.0,93.0,283,94.3,O,PASS
835,17,M,master's degree,standard,no,yes,0,none,2.0,98.0,73.0,85.0,81.0,239,79.7,A,pass
69,16,female,master's degree,standard,yes,yes,3,none,4.0,79.0,100.0,100.0,81.0,281,93.7,O,PASS
105,15,FEMALE,high school,standard,yes,no,3,completed,2.0,84.0,72.0,68.0,63.0,203,67.7,B,PASS
297,18,F,master's degree,free/reduced,no,no,2,completed,3.0,86.0,81.0,88.0,79.0,248,82.7,A+,PASS
738,14,MALE,associate's degree,standard,yes,no,4,none,4.0,88.0,79.0,84.0,79.0,242,80.7,A+,Pass
916,17,FEMALE,master's degree,free/reduced,no,yes,1,none,3.0,81.0,76.0,78.0,96.0,250,83.3,A+,Pass
602,14,F,master's degree,standard,yes,yes,4,none,2.0,79.0,73.0,68.0,84.0,225,75.0,A,pass
841,17,m,some college,free/reduced,no,yes,4,none,2.0,63.0,59.0,58.0,56.0,173,57.7,C,Pass
396,16,Female,some college,free/reduced,yes,yes,3,none,4.0,91.0,61.0,75.0,72.0,208,69.3,B,Pass
427,14,Male,some college,standard,no,yes,3,none,3.0,92.0,77.0,77.0,65.0,219,73.0,A,PASS
837,15,m,high school,standard,yes,no,3,none,3.0,72.0,55.0,52.0,56.0,163,54.3,C,pass
560,15,female,associate's degree,standard,no,no,1,none,5.0,98.0,85.0,85.0,99.0,269,89.7,A+,Pass
526,18,male,associate's degree,standard,yes,yes,0,completed,4.0,87.0,83.0,85.0,94.0,262,87.3,A+,PASS
993,15,f,some college,free/reduced,yes,no,4,none,3.0,64.0,60.0,60.0,56.0,176,58.7,C,pass
15,15,FEMALE,high school,standard,no,yes,1,none,4.0,92.0,69.0,75.0,71.0,215,71.7,A,PASS
253,18,FEMALE,associate's degree,standard,no,no,2,completed,2.0,80.0,73.0,81.0,81.0,235,78.3,A,pass
239,17,male,some college,standard,yes,yes,1,none,4.0,90.0,95.0,68.0,70.0,233,77.7,A,Pass
121,15,female,high school,standard,yes,no,3,none,3.0,78.0,76.0,71.0,70.0,217,72.3,A,PASS
286,14,Male,master's degree,free/reduced,yes,yes,1,completed,1.0,97.0,74.0,63.0,75.0,212,70.7,A,Pass
555,16,M,master's degree,free/reduced,yes,yes,4,none,4.0,69.0,75.0,78.0,80.0,233,77.7,A,PASS
197,18,female,some college,standard,yes,no,2,none,5.0,95.0,85.0,77.0,82.0,244,81.3,A+,PASS
346,14,Male,some college,standard,no,no,3,completed,3.0,89.0,91.0,75.0,80.0,246,82.0,A+,pass
546,15,Female,associate's degree,free/reduced,yes,no,4,none,2.0,94.0,62.0,70.0,64.0,196,65.3,B,pass
251,18,female,high school,standard,yes,no,3,completed,5.0,88.0,85.0,86.0,99.0,270,90.0,A+,PASS
957,17,F,bachelor's degree,standard,no,no,0,none,3.0,76.0,66.0,78.0,73.0,217,72.3,A,pass
646,18,Male,master's degree,free/reduced,yes,yes,2,completed,3.0,70.0,74.0,76.0,66.0,216,72.0,A,pass
848,16,f,some college,standard,yes,no,0,completed,3.0,96.0,72.0,90.0,74.0,236,78.7,A,PASS
413,18,Female,associate's degree,free/reduced,no,no,1,none,1.0,82.0,46.0,65.0,60.0,171,57.0,C,PASS
486,17,f,associate's degree,standard,no,no,2,none,5.0,83.0,,,,242,80.7,A+,PASS
431,16,male,high school,standard,no,no,1,none,5.0,75.0,76.0,78.0,75.0,229,76.3,A,Pass
809,18,female,some college,standard,no,no,4,completed,4.0,74.0,87.0,72.0,85.0,244,81.3,A+,Pass
812,14,MALE,master's degree,free/reduced,yes,no,3,none,5.0,64.0,81.0,77.0,94.0,252,84.0,A+,PASS
291,16,m,high school,standard,yes,yes,0,none,2.0,92.0,61.0,65.0,59.0,185,61.7,B,PASS
17,15,f,some college,standard,yes,yes,4,completed,1.0,78.0,64.0,67.0,54.0,185,61.7,B,Pass
159,17,M,associate's degree,standard,yes,no,0,completed,3.0,84.0,84.0,85.0,76.0,245,81.7,A+,pass
244,18,male,associate's degree,standard,yes,yes,3,completed,1.0,86.0,85.0,71.0,65.0,221,73.7,A,PASS
67,14,f,some college,free/reduced,yes,no,1,completed,3.0,64.0,62.0,59.0,76.0,197,65.7,B,Pass
948,15,Female,bachelor's degree,standard,no,yes,4,none,4.0,82.0,93.0,86.0,77.0,256,85.3,A+,Pass
360,17,male,high school,free/reduced,yes,yes,4,completed,4.0,82.0,60.0,75.0,69.0,204,68.0,B,pass
976,18,female,bachelor's degree,free/reduced,yes,yes,0,none,3.0,98.0,87.0,83.0,70.0,240,80.0,A,Pass
632,18,female,associate's degree,standard,yes,no,3,none,2.0,62.0,54.0,65.0,58.0,177,59.0,C,PASS
505,14,M,bachelor's degree,standard,no,yes,4,none,1.0,88.0,61.0,66.0,61.0,188,62.7,B,pass
473,14,male,bachelor's degree,standard,yes,yes,4,none,2.0,66.0,57.0,59.0,75.0,191,63.7,B,Pass
987,15,female,some college,standard,no,no,1,completed,1.0,73.0,59.0,75.0,62.0,196,65.3,B,PASS
578,18,female,bachelor's degree,standard,yes,yes,3,completed,2.0,70.0,56.0,80.0,63.0,199,66.3,B,PASS
243,16,female,bachelor's degree,free/reduced,yes,no,0,completed,4.0,67.0,74.0,95.0,85.0,254,84.7,A+,Pass
522,17,MALE,some college,standard,no,no,1,completed,2.0,72.0,62.0,73.0,63.0,198,66.0,B,pass
896,16,f,bachelor's degree,standard,no,no,3,none,4.0,63.0,59.0,74.0,93.0,226,75.3,A,PASS
531,17,Male,high school,standard,yes,no,1,completed,3.0,84.0,62.0,68.0,64.0,194,64.7,B,Pass
409,17,female,some college,standard,yes,yes,2,completed,3.0,78.0,75.0,79.0,79.0,233,77.7,A,Pass
666,14,MALE,bachelor's degree,free/reduced,yes,yes,3,none,2.0,72.0,59.0,57.0,66.0,182,60.7,B,pass
894,15,male,associate's degree,standard,yes,yes,4,completed,1.0,93.0,69.0,71.0,75.0,215,71.7,A,Pass
433,18,MALE,master's degree,standard,yes,no,3,completed,3.0,88.0,77.0,88.0,73.0,238,79.3,A,Pass
432,17,female,bachelor's degree,standard,yes,no,3,none,1.0,73.0,62.0,68.0,69.0,199,66.3,B,Pass
485,15,m,bachelor's degree,standard,no,yes,2,none,4.0,97.0,79.0,86.0,89.0,254,84.7,A+,PASS
152,17,MALE,associate's degree,standard,yes,yes,1,completed,2.0,84.0,74.0,77.0,60.0,211,70.3,A,PASS
328,17,m,some college,free/reduced,yes,yes,4,completed,3.0,88.0,67.0,66.0,66.0,199,66.3,B,PASS
257,18,Male,associate's degree,free/reduced,no,yes,0,none,,75.0,,,,129,43.0,D,Fail
312,15,M,bachelor's degree,free/reduced,yes,yes,2,none,3.0,76.0,81.0,69.0,71.0,221,73.7,A,pass
821,14,MALE,some college,free/reduced,yes,yes,4,none,3.0,94.0,68.0,69.0,65.0,202,67.3,B,pass
305,18,female,some college,standard,yes,no,1,none,2.0,82.0,71.0,71.0,63.0,205,68.3,B,Pass
785,14,Female,some college,standard,yes,no,0,none,3.0,62.0,73.0,66.0,76.0,215,71.7,A,PASS
414,16,Male,some college,standard,yes,yes,4,none,5.0,82.0,86.0,85.0,82.0,253,84.3,A+,pass
134,15,MALE,associate's degree,free/reduced,yes,no,2,completed,2.0,66.0,67.0,62.0,73.0,202,67.3,B,pass
32,15,,,standard,,yes,3,none,,,,,,269,89.7,A+,pass
766,14,M,high school,standard,yes,yes,0,completed,2.0,78.0,75.0,57.0,69.0,201,67.0,B,PASS
783,16,Female,associate's degree,standard,yes,yes,3,none,2.0,78.0,72.0,71.0,62.0,205,68.3,B,pass
459,16,m,,standard,,no,2,completed,,,,,,198,66.0,B,Pass
162,17,M,master's degree,standard,yes,yes,4,none,3.0,70.0,74.0,75.0,80.0,229,76.3,A,pass
340,16,female,associate's degree,standard,no,no,3,completed,3.0,60.0,84.0,67.0,77.0,228,76.0,A,Pass
287,15,male,associate's degree,standard,yes,no,1,none,3.0,92.0,73.0,72.0,83.0,228,76.0,A,PASS
249,18,Male,master's degree,free/reduced,yes,yes,4,none,2.0,84.0,60.0,70.0,72.0,202,67.3,B,Pass
963,17,f,high school,standard,no,no,4,none,5.0,73.0,73.0,78.0,72.0,223,74.3,A,PASS
580,15,Female,master's degree,free/reduced,yes,no,3,none,2.0,73.0,77.0,71.0,76.0,224,74.7,A,pass
991,18,F,some college,standard,yes,no,2,completed,2.0,68.0,61.0,73.0,64.0,198,66.0,B,pass
960,16,Male,bachelor's degree,standard,yes,no,4,none,3.0,78.0,81.0,72.0,77.0,230,76.7,A,PASS
2,18,f,associate's degree,standard,no,no,3,none,4.0,87.0,85.0,73.0,84.0,242,80.7,A+,PASS
737,16,F,bachelor's degree,free/reduced,yes,yes,0,completed,1.0,82.0,65.0,65.0,75.0,205,68.3,B,PASS
208,17,FEMALE,bachelor's degree,standard,yes,yes,2,completed,2.0,76.0,81.0,86.0,72.0,239,79.7,A,Pass
630,16,male,,standard,yes,yes,4,none,,,,,,171,57.0,C,Pass
989,15,female,some college,standard,no,yes,2,completed,4.0,89.0,73.0,100.0,89.0,262,87.3,A+,Pass
871,17,,,free/reduced,,yes,2,completed,,,,,,257,85.7,A+,Pass
880,17,m,associate's degree,free/reduced,yes,yes,1,none,3.0,77.0,59.0,70.0,77.0,206,68.7,B,pass
265,15,Male,high school,standard,yes,no,4,completed,3.0,89.0,84.0,67.0,69.0,220,73.3,A,Pass
275,15,m,bachelor's degree,free/reduced,no,no,1,none,3.0,99.0,75.0,81.0,74.0,230,76.7,A,pass
71,14,f,associate's degree,standard,no,yes,4,completed,2.0,77.0,,79.0,80.0,218,72.7,A,pass
641,16,female,bachelor's degree,free/reduced,yes,yes,0,completed,2.0,76.0,71.0,65.0,79.0,215,71.7,A,pass
445,18,female,some college,free/reduced,yes,no,2,none,1.0,91.0,39.0,57.0,67.0,163,54.3,C,Pass
867,18,m,bachelor's degree,standard,yes,yes,3,completed,1.0,67.0,62.0,69.0,69.0,200,66.7,B,Pass
99,17,Female,high school,standard,yes,yes,2,completed,2.0,82.0,69.0,74.0,63.0,206,68.7,B,Pass
887,16,Male,bachelor's degree,standard,yes,yes,0,completed,5.0,93.0,91.0,100.0,91.0,282,94.0,O,PASS
22,15,MALE,some college,free/reduced,yes,no,3,completed,3.0,95.0,56.0,77.0,77.0,210,70.0,B,PASS
706,15,Male,bachelor's degree,free/reduced,yes,yes,2,none,3.0,60.0,72.0,62.0,66.0,200,66.7,B,PASS
415,14,MALE,associate's degree,standard,yes,yes,4,completed,5.0,85.0,91.0,90.0,85.0,266,88.7,A+,pass
518,18,F,associate's degree,free/reduced,no,yes,4,completed,5.0,63.0,85.0,75.0,78.0,238,79.3,A,Pass
150,18,F,associate's degree,free/reduced,no,yes,4,none,5.0,93.0,86.0,80.0,85.0,251,83.7,A+,PASS
826,15,female,some college,free/reduced,yes,yes,0,none,5.0,60.0,75.0,70.0,80.0,225,75.0,A,pass
648,15,MALE,bachelor's degree,standard,yes,no,3,none,2.0,67.0,67.0,78.0,67.0,212,70.7,A,pass
355,17,f,some college,free/reduced,yes,no,3,completed,3.0,89.0,75.0,73.0,74.0,222,74.0,A,Pass
974,17,MALE,some college,free/reduced,no,no,1,none,2.0,91.0,68.0,61.0,53.0,182,60.7,B,pass
53,18,m,associate's degree,free/reduced,no,no,1,none,3.0,83.0,72.0,68.0,76.0,216,72.0,A,Pass
840,17,m,high school,standard,yes,yes,2,none,2.0,89.0,70.0,69.0,55.0,194,64.7,B,PASS
199,16,male,high school,free/reduced,yes,no,4,none,5.0,76.0,78.0,61.0,74.0,213,71.0,A,pass
123,14,FEMALE,some college,standard,yes,yes,1,completed,2.0,78.0,76.0,70.0,68.0,214,71.3,A,pass
204,16,MALE,high school,standard,no,yes,2,completed,4.0,94.0,92.0,88.0,79.0,259,86.3,A+,pass
68,17,male,some college,standard,no,yes,0,completed,3.0,64.0,59.0,59.0,70.0,188,62.7,B,pass
224,14,FEMALE,bachelor's degree,standard,no,yes,3,none,1.0,83.0,60.0,81.0,68.0,209,69.7,B,PASS
128,18,M,bachelor's degree,standard,yes,no,0,none,4.0,84.0,74.0,72.0,73.0,219,73.0,A,pass
656,17,Male,bachelor's degree,standard,yes,yes,4,none,1.0,93.0,84.0,62.0,71.0,217,72.3,A,PASS
839,18,Female,high school,standard,no,yes,3,none,2.0,75.0,59.0,59.0,70.0,188,62.7,B,Pass
140,17,m,some college,free/reduced,yes,yes,0,none,2.0,67.0,,44.0,,126,42.0,D,fail
418,17,FEMALE,master's degree,standard,yes,yes,3,none,2.0,74.0,65.0,89.0,87.0,241,80.3,A+,pass
219,14,f,high school,free/reduced,yes,no,2,none,2.0,67.0,40.0,53.0,55.0,148,49.3,D,Fail
547,17,m,some college,standard,yes,yes,3,completed,2.0,67.0,57.0,75.0,74.0,206,68.7,B,PASS
843,17,M,bachelor's degree,standard,no,no,1,none,4.0,75.0,62.0,75.0,78.0,215,71.7,A,Pass
158,18,F,some college,standard,yes,no,2,none,3.0,88.0,78.0,76.0,81.0,235,78.3,A,pass
95,18,f,master's degree,free/reduced,yes,yes,2,completed,3.0,98.0,95.0,100.0,100.0,295,98.3,O,PASS
256,15,male,bachelor's degree,free/reduced,yes,no,4,completed,1.0,96.0,69.0,77.0,70.0,216,72.0,A,PASS
447,15,m,high school,standard,no,no,4,none,3.0,77.0,62.0,63.0,58.0,183,61.0,B,pass
644,17,m,associate's degree,standard,no,yes,0,none,4.0,67.0,65.0,74.0,64.0,203,67.7,B,PASS
739,15,male,master's degree,standard,no,no,3,none,4.0,90.0,95.0,91.0,91.0,277,92.3,O,PASS
40,16,MALE,high school,standard,yes,no,4,none,1.0,99.0,58.0,72.0,57.0,187,62.3,B,pass
131,16,F,bachelor's degree,free/reduced,no,no,4,none,4.0,78.0,76.0,67.0,80.0,223,74.3,A,PASS
255,17,MALE,high school,free/reduced,yes,yes,0,none,2.0,94.0,68.0,66.0,71.0,205,68.3,B,Pass
190,15,f,high school,free/reduced,yes,no,0,completed,1.0,86.0,47.0,51.0,61.0,159,53.0,C,PASS
983,17,f,associate's degree,free/reduced,yes,yes,3,completed,3.0,67.0,68.0,79.0,70.0,217,72.3,A,Pass
590,15,M,some college,standard,no,no,4,completed,1.0,80.0,73.0,73.0,67.0,213,71.0,A,PASS
403,14,MALE,high school,free/reduced,yes,no,2,completed,5.0,65.0,68.0,61.0,84.0,213,71.0,A,PASS
761,17,f,some college,free/reduced,yes,yes,1,completed,1.0,92.0,71.0,59.0,74.0,204,68.0,B,pass
39,18,M,associate's degree,standard,yes,no,1,none,3.0,75.0,66.0,75.0,61.0,202,67.3,B,PASS
243,16,Female,bachelor's degree,free/reduced,yes,no,0,completed,4.0,67.0,74.0,95.0,85.0,254,84.7,A+,pass
354,17,F,master's degree,free/reduced,yes,yes,0,none,5.0,90.0,77.0,89.0,100.0,266,88.7,A+,PASS
621,17,female,master's degree,free/reduced,yes,yes,3,completed,2.0,66.0,76.0,78.0,70.0,224,74.7,A,pass
651,18,MALE,bachelor's degree,standard,yes,no,4,none,1.0,73.0,63.0,62.0,61.0,186,62.0,B,pass
535,18,m,high school,standard,yes,no,4,completed,1.0,77.0,48.0,53.0,73.0,174,58.0,C,pass
504,17,F,bachelor's degree,standard,no,yes,3,none,1.0,77.0,54.0,73.0,67.0,194,64.7,B,PASS
160,16,FEMALE,associate's degree,standard,yes,yes,1,none,5.0,76.0,87.0,79.0,83.0,249,83.0,A+,Pass
395,18,Male,bachelor's degree,standard,yes,yes,3,completed,,,,,,233,77.7,A,PASS
883,15,MALE,master's degree,free/reduced,yes,yes,0,completed,3.0,95.0,95.0,82.0,94.0,271,90.3,O,Pass
538,18,MALE,bachelor's degree,standard,no,no,3,none,4.0,61.0,83.0,82.0,72.0,237,79.0,A,pass
696,14,f,master's degree,standard,no,no,1,none,1.0,80.0,71.0,71.0,63.0,205,68.3,B,Pass
241,14,Female,associate's degree,free/reduced,no,no,3,completed,5.0,97.0,84.0,83.0,100.0,267,89.0,A+,pass
14,14,MALE,bachelor's degree,standard,no,yes,4,none,4.0,94.0,72.0,84.0,97.0,253,84.3,A+,PASS
658,16,Male,master's degree,standard,no,no,0,completed,4.0,76.0,81.0,88.0,91.0,260,86.7,A+,PASS
476,16,Female,some college,free/reduced,yes,yes,1,completed,5.0,84.0,75.0,87.0,89.0,251,83.7,A+,PASS
936,15,m,high school,standard,no,no,0,completed,2.0,75.0,,68.0,66.0,196,65.3,B,pass
905,16,Male,bachelor's degree,free/reduced,yes,yes,4,none,5.0,98.0,75.0,88.0,93.0,256,85.3,A+,Pass
315,14,M,bachelor's degree,standard,yes,no,2,none,2.0,82.0,77.0,64.0,69.0,210,70.0,B,Pass
362,16,MALE,associate's degree,free/reduced,no,no,0,completed,3.0,74.0,78.0,69.0,66.0,213,71.0,A,Pass
591,18,Male,master's degree,free/reduced,no,yes,3,none,4.0,87.0,81.0,86.0,69.0,236,78.7,A,Pass
321,15,female,bachelor's degree,standard,yes,no,2,none,2.0,77.0,70.0,74.0,77.0,221,73.7,A,Pass
945,17,male,bachelor's degree,standard,yes,yes,4,none,2.0,63.0,76.0,76.0,60.0,212,70.7,A,Pass
745,17,Male,bachelor's degree,free/reduced,no,yes,2,none,2.0,77.0,75.0,66.0,78.0,219,73.0,A,PASS
673,16,Female,associate's degree,standard,yes,yes,0,completed,2.0,78.0,68.0,82.0,76.0,226,75.3,A,PASS
565,16,female,some college,standard,yes,no,4,none,4.0,75.0,66.0,78.0,77.0,221,73.7,A,Pass
356,14,M,high school,standard,yes,no,2,none,1.0,77.0,55.0,56.0,67.0,178,59.3,C,Pass
35,16,f,bachelor's degree,standard,yes,yes,0,none,2.0,60.0,63.0,68.0,70.0,201,67.0,B,pass
335,14,f,associate's degree,free/reduced,no,no,1,completed,3.0,79.0,65.0,90.0,75.0,230,76.7,A,Pass
689,17,male,some college,free/reduced,no,yes,3,none,3.0,80.0,68.0,54.0,63.0,185,61.7,B,Pass
377,18,FEMALE,bachelor's degree,standard,yes,no,3,none,1.0,75.0,56.0,68.0,76.0,200,66.7,B,Pass
185,18,MALE,master's degree,standard,no,yes,1,completed,3.0,62.0,65.0,79.0,84.0,228,76.0,A,pass
824,18,m,some college,standard,yes,no,0,none,3.0,80.0,74.0,72.0,88.0,234,78.0,A,pass
424,15,Male,bachelor's degree,standard,yes,no,0,completed,2.0,86.0,74.0,76.0,80.0,230,76.7,A,pass
326,17,F,master's degree,standard,yes,yes,4,none,1.0,60.0,77.0,79.0,73.0,229,76.3,A,pass
188,17,MALE,some college,standard,no,no,4,completed,2.0,86.0,88.0,59.0,75.0,222,74.0,A,pass
285,17,Female,high school,free/reduced,yes,yes,4,none,4.0,88.0,61.0,76.0,80.0,217,72.3,A,PASS
392,15,m,bachelor's degree,standard,no,no,3,none,3.0,73.0,77.0,79.0,76.0,232,77.3,A,PASS
900,14,m,bachelor's degree,standard,yes,yes,1,none,1.0,75.0,69.0,68.0,64.0,201,67.0,B,Pass
998,18,FEMALE,associate's degree,free/reduced,yes,yes,3,none,1.0,95.0,34.0,81.0,68.0,183,61.0,B,pass
166,15,Male,high school,free/reduced,yes,no,0,completed,2.0,62.0,55.0,59.0,57.0,171,57.0,C,Pass
348,17,Female,master's degree,standard,no,no,3,completed,3.0,81.0,93.0,85.0,100.0,278,92.7,O,pass
299,15,m,bachelor's degree,standard,yes,yes,2,none,1.0,92.0,74.0,67.0,76.0,217,72.3,A,PASS
536,17,,,standard,,yes,0,completed,,,,,,293,97.7,O,Pass
230,18,male,high school,standard,no,yes,1,none,3.0,60.0,47.0,55.0,68.0,170,56.7,C,PASS
860,14,M,associate's degree,standard,yes,yes,3,none,1.0,98.0,71.0,70.0,62.0,203,67.7,B,Pass
828,18,F,bachelor's degree,standard,no,yes,1,none,5.0,70.0,88.0,90.0,72.0,250,83.3,A+,pass
695,18,FEMALE,high school,standard,yes,no,3,completed,3.0,73.0,72.0,75.0,77.0,224,74.7,A,Pass
856,15,male,master's degree,standard,yes,no,2,completed,3.0,64.0,74.0,82.0,81.0,237,79.0,A,PASS
42,18,Male,associate's degree,standard,no,yes,1,none,4.0,93.0,92.0,78.0,72.0,242,80.7,A+,PASS
869,16,MALE,high school,standard,yes,yes,0,completed,1.0,69.0,59.0,49.0,60.0,168,56.0,C,PASS
749,14,Male,master's degree,standard,no,no,4,none,3.0,79.0,82.0,79.0,71.0,232,77.3,A,PASS
962,14,m,bachelor's degree,free/reduced,yes,no,3,completed,3.0,77.0,73.0,73.0,73.0,219,73.0,A,Pass
863,14,Female,associate's degree,standard,no,yes,2,none,4.0,97.0,94.0,73.0,91.0,258,86.0,A+,pass
588,17,m,high school,free/reduced,yes,yes,3,completed,3.0,93.0,81.0,65.0,59.0,205,68.3,B,Pass
544,18,f,associate's degree,standard,yes,yes,2,completed,3.0,62.0,69.0,84.0,79.0,232,77.3,A,pass
447,15,Male,high school,standard,no,no,4,none,3.0,77.0,62.0,63.0,58.0,183,61.0,B,pass
448,18,F,master's degree,standard,yes,no,0,none,3.0,66.0,78.0,76.0,83.0,237,79.0,A,PASS
350,14,M,associate's degree,standard,no,no,2,completed,1.0,79.0,67.0,75.0,67.0,209,69.7,B,PASS
46,16,Female,some college,standard,no,yes,3,none,1.0,65.0,60.0,67.0,47.0,174,58.0,C,Pass
972,17,MALE,bachelor's degree,free/reduced,yes,no,0,none,5.0,64.0,81.0,71.0,76.0,228,76.0,A,PASS
369,14,MALE,bachelor's degree,standard,yes,no,1,completed,3.0,80.0,92.0,91.0,77.0,260,86.7,A+,PASS
109,15,Female,associate's degree,standard,yes,no,2,none,5.0,61.0,84.0,91.0,91.0,266,88.7,A+,pass
618,18,f,master's degree,standard,yes,no,0,completed,2.0,71.0,74.0,73.0,96.0,243,81.0,A+,Pass
662,16,MALE,high school,standard,yes,no,1,completed,1.0,60.0,58.0,50.0,60.0,168,56.0,C,PASS
30,16,F,bachelor's degree,standard,no,yes,2,none,2.0,82.0,79.0,80.0,87.0,246,82.0,A+,PASS
182,14,m,some college,free/reduced,yes,no,4,none,1.0,67.0,55.0,45.0,38.0,138,46.0,D,Fail
622,14,f,master's degree,standard,yes,no,1,completed,3.0,91.0,100.0,89.0,93.0,282,94.0,O,PASS
420,16,f,high school,standard,yes,yes,4,completed,4.0,85.0,75.0,88.0,79.0,242,80.7,A+,pass
635,17,f,bachelor's degree,free/reduced,yes,no,1,completed,3.0,96.0,77.0,85.0,96.0,258,86.0,A+,PASS
811,17,male,high school,standard,yes,no,3,none,2.0,72.0,57.0,53.0,62.0,172,57.3,C,Pass
105,15,FEMALE,high school,standard,yes,no,3,completed,2.0,84.0,72.0,68.0,63.0,203,67.7,B,Pass
61,18,M,bachelor's degree,standard,yes,no,2,none,2.0,85.0,67.0,74.0,75.0,216,72.0,A,Pass
659,15,Female,master's degree,standard,yes,yes,0,none,5.0,76.0,91.0,100.0,97.0,288,96.0,O,PASS
84,18,F,some college,standard,yes,no,1,completed,4.0,96.0,95.0,84.0,94.0,273,91.0,O,pass
491,18,F,bachelor's degree,free/reduced,yes,no,3,completed,1.0,96.0,71.0,82.0,68.0,221,73.7,A,PASS
316,14,f,associate's degree,free/reduced,yes,yes,3,none,3.0,89.0,61.0,73.0,69.0,203,67.7,B,pass
451,17,FEMALE,associate's degree,standard,yes,yes,4,none,1.0,91.0,67.0,66.0,59.0,192,64.0,B,PASS
382,14,Female,bachelor's degree,free/reduced,yes,yes,1,none,4.0,60.0,65.0,69.0,73.0,207,69.0,B,PASS
423,14,Female,master's degree,standard,yes,yes,2,none,4.0,95.0,91.0,82.0,96.0,269,89.7,A+,pass
497,16,male,master's degree,free/reduced,yes,no,1,completed,2.0,76.0,76.0,69.0,76.0,221,73.7,A,PASS
979,15,f,bachelor's degree,standard,yes,no,0,none,3.0,69.0,61.0,75.0,79.0,215,71.7,A,PASS
740,18,Female,high school,standard,yes,yes,3,none,2.0,66.0,46.0,40.0,56.0,142,47.3,D,Fail
524,14,M,master's degree,standard,no,yes,4,completed,4.0,86.0,79.0,100.0,91.0,270,90.0,A+,pass
446,14,Male,high school,standard,yes,no,4,completed,1.0,90.0,58.0,67.0,69.0,194,64.7,B,pass
664,15,f,bachelor's degree,free/reduced,yes,no,1,none,2.0,98.0,72.0,79.0,84.0,235,78.3,A,pass
1,17,Male,bachelor's degree,standard,yes,no,0,none,2.0,76.0,70.0,64.0,65.0,199,66.3,B,PASS
780,14,male,associate's degree,standard,no,no,4,none,2.0,85.0,62.0,70.0,65.0,197,65.7,B,Pass
346,14,m,some college,standard,no,no,3,completed,3.0,89.0,91.0,75.0,80.0,246,82.0,A+,PASS
627,18,M,high school,standard,yes,no,4,none,3.0,96.0,71.0,66.0,75.0,212,70.7,A,pass
458,16,FEMALE,high school,standard,yes,yes,3,none,2.0,89.0,67.0,70.0,67.0,204,68.0,B,Pass
489,14,Male,some college,standard,no,yes,1,none,2.0,76.0,51.0,70.0,63.0,184,61.3,B,pass
89,16,,,standard,,yes,4,completed,,,,,,218,72.7,A,Pass
484,16,FEMALE,high school,standard,no,no,4,none,2.0,96.0,73.0,65.0,74.0,212,70.7,A,Pass
461,16,female,high school,standard,yes,no,4,completed,3.0,76.0,54.0,61.0,81.0,196,65.3,B,pass
78,17,F,master's degree,standard,no,yes,0,none,3.0,67.0,88.0,75.0,84.0,247,82.3,A+,Pass
269,18,m,some college,standard,yes,no,1,none,1.0,84.0,66.0,76.0,54.0,196,65.3,B,Pass
930,18,MALE,bachelor's degree,free/reduced,yes,no,1,none,4.0,85.0,79.0,86.0,75.0,240,80.0,A,PASS
124,14,MALE,associate's degree,free/reduced,yes,no,2,none,4.0,75.0,81.0,65.0,62.0,208,69.3,B,Pass
298,16,Male,associate's degree,standard,yes,no,2,none,1.0,91.0,74.0,61.0,65.0,200,66.7,B,Pass
882,15,f,some college,free/reduced,no,no,4,completed,1.0,99.0,62.0,59.0,70.0,191,63.7,B,pass
96,14,f,associate's degree,standard,yes,yes,1,none,3.0,99.0,61.0,82.0,81.0,224,74.7,A,PASS
734,15,F,high school,free/reduced,no,yes,3,completed,5.0,82.0,63.0,79.0,95.0,237,79.0,A,Pass
12,15,MALE,some college,free/reduced,yes,no,4,none,1.0,99.0,57.0,71.0,61.0,189,63.0,B,pass
115,17,M,master's degree,standard,yes,yes,2,completed,2.0,62.0,69.0,77.0,73.0,219,73.0,A,PASS
844,18,Male,bachelor's degree,standard,no,yes,3,completed,4.0,90.0,93.0,78.0,79.0,250,83.3,A+,pass
429,15,male,associate's degree,standard,yes,no,2,none,3.0,82.0,82.0,84.0,74.0,240,80.0,A,Pass
258,14,Female,associate's degree,standard,no,no,1,none,2.0,76.0,68.0,59.0,75.0,202,67.3,B,pass
732,17,Male,some college,standard,yes,yes,1,none,3.0,84.0,73.0,75.0,67.0,215,71.7,A,Pass
950,15,M,bachelor's degree,standard,no,yes,3,completed,4.0,74.0,84.0,95.0,88.0,267,89.0,A+,Pass
765,18,M,high school,standard,yes,yes,3,none,3.0,63.0,60.0,70.0,62.0,192,64.0,B,PASS
353,16,male,some college,free/reduced,yes,yes,1,completed,3.0,60.0,69.0,56.0,70.0,195,65.0,B,pass
7,17,Male,master's degree,standard,yes,no,3,none,5.0,97.0,80.0,93.0,100.0,273,91.0,O,Pass
774,16,F,high school,free/reduced,yes,yes,2,none,3.0,71.0,67.0,66.0,66.0,199,66.3,B,pass
956,14,male,master's degree,standard,yes,no,4,completed,1.0,74.0,70.0,79.0,75.0,224,74.7,A,Pass
691,17,F,high school,standard,yes,yes,2,completed,4.0,67.0,76.0,73.0,83.0,232,77.3,A,PASS
923,18,M,high school,free/reduced,no,yes,2,none,3.0,83.0,59.0,66.0,48.0,173,57.7,C,PASS
791,18,Female,some college,standard,yes,yes,0,completed,3.0,87.0,65.0,85.0,98.0,248,82.7,A+,PASS
532,16,F,associate's degree,standard,no,yes,4,completed,2.0,85.0,81.0,86.0,69.0,236,78.7,A,Pass
868,16,female,master's degree,standard,yes,yes,4,completed,2.0,96.0,100.0,90.0,81.0,271,90.3,O,pass
170,16,female,some college,free/reduced,no,yes,1,completed,2.0,85.0,65.0,63.0,66.0,194,64.7,B,Pass
240,15,Female,some college,standard,no,no,3,completed,3.0,84.0,85.0,82.0,82.0,249,83.0,A+,Pass
278,17,Female,bachelor's degree,standard,yes,yes,4,completed,3.0,61.0,78.0,81.0,73.0,232,77.3,A,pass
161,18,m,some college,standard,no,yes,4,none,3.0,83.0,83.0,56.0,74.0,213,71.0,A,PASS
74,15,F,associate's degree,free/reduced,yes,no,4,none,5.0,72.0,70.0,74.0,86.0,230,76.7,A,Pass
530,16,female,bachelor's degree,free/reduced,yes,yes,2,none,2.0,85.0,58.0,58.0,74.0,190,63.3,B,pass
63,16,Male,high school,free/reduced,yes,no,0,completed,1.0,76.0,66.0,70.0,54.0,190,63.3,B,pass
762,18,F,bachelor's degree,standard,no,no,2,none,5.0,72.0,88.0,85.0,95.0,268,89.3,A+,PASS
493,14,MALE,some college,standard,yes,no,2,none,4.0,91.0,70.0,72.0,79.0,221,73.7,A,pass
741,15,Male,bachelor's degree,free/reduced,yes,yes,1,completed,3.0,99.0,88.0,75.0,80.0,243,81.0,A+,pass
751,16,Female,bachelor's degree,standard,no,no,2,none,2.0,77.0,56.0,75.0,76.0,207,69.0,B,pass
742,17,FEMALE,bachelor's degree,standard,yes,yes,1,completed,2.0,92.0,77.0,70.0,77.0,224,74.7,A,Pass
831,16,MALE,associate's degree,standard,yes,no,3,none,2.0,82.0,66.0,62.0,72.0,200,66.7,B,Pass
796,17,male,some college,standard,yes,no,3,completed,2.0,71.0,62.0,62.0,65.0,189,63.0,B,pass
48,14,MALE,bachelor's degree,standard,no,no,1,completed,3.0,98.0,83.0,99.0,86.0,268,89.3,A+,Pass
763,16,M,some college,free/reduced,yes,yes,1,completed,2.0,99.0,84.0,68.0,83.0,235,78.3,A,Pass
592,14,FEMALE,associate's degree,free/reduced,yes,yes,4,none,2.0,95.0,,61.0,61.0,191,63.7,B,PASS
808,17,male,bachelor's degree,standard,yes,no,2,completed,3.0,91.0,89.0,94.0,83.0,266,88.7,A+,pass
434,14,Female,associate's degree,standard,yes,no,2,none,2.0,85.0,79.0,72.0,81.0,232,77.3,A,PASS
506,18,Male,bachelor's degree,free/reduced,yes,no,2,none,2.0,83.0,61.0,58.0,78.0,197,65.7,B,PASS
21,18,female,associate's degree,standard,yes,yes,4,none,2.0,60.0,65.0,78.0,65.0,208,69.3,B,PASS
969,18,f,master's degree,standard,yes,yes,2,none,5.0,63.0,100.0,89.0,88.0,277,92.3,O,PASS
425,17,,,free/reduced,,yes,3,completed,,,,,,227,75.7,A,Pass
653,17,male,bachelor's degree,free/reduced,no,yes,4,none,4.0,69.0,69.0,74.0,76.0,219,73.0,A,Pass
193,16,MALE,associate's degree,standard,no,yes,0,completed,4.0,66.0,83.0,71.0,82.0,236,78.7,A,PASS
643,14,female,bachelor's degree,free/reduced,yes,no,0,none,1.0,80.0,59.0,55.0,61.0,175,58.3,C,Pass
216,14,Male,master's degree,free/reduced,no,no,4,completed,2.0,86.0,83.0,72.0,74.0,229,76.3,A,pass
245,18,m,some college,standard,yes,yes,1,none,1.0,61.0,52.0,67.0,56.0,175,58.3,C,Pass
364,17,Female,some college,standard,no,no,0,none,2.0,62.0,50.0,61.0,61.0,172,57.3,C,PASS
999,14,Female,some college,free/reduced,yes,no,1,completed,2.0,92.0,93.0,79.0,68.0,240,80.0,A,Pass
60,16,MALE,associate's degree,free/reduced,yes,yes,4,none,,68.0,,,,178,59.3,C,PASS
177,16,m,high school,standard,yes,no,3,completed,1.0,81.0,59.0,64.0,71.0,194,64.7,B,pass
450,14,F,associate's degree,standard,yes,no,2,none,2.0,73.0,81.0,75.0,62.0,218,72.7,A,Pass
56,14,F,some college,standard,yes,no,2,none,3.0,74.0,69.0,65.0,68.0,202,67.3,B,PASS
920,16,,,standard,,no,1,completed,,,,,,221,73.7,A,Pass
642,17,female,some college,standard,yes,no,1,none,1.0,85.0,68.0,58.0,72.0,198,66.0,B,PASS
